ticker,class_code,side,notional,entry_price,lot_size
HYDR,SPBFUT_CONT,short,2699.8312078019576,10678.98731044787,1
SMLT,SPBFUT_CONT,short,1163.6316337148774,3666.2795707319297,1
NLMK,SPBFUT_CONT,short,2207.9341317365293,12992.314502111862,1
SBER,SPBFUT_CONT,short,3331.4924114671003,14825.726963092246,1
AFLT,SPBFUT_CONT,short,3183.9147286821626,3787.337272747246,1
ROSN,SPBFUT_CONT,short,3061.2834224598937,39892.16021949611,1
IMOEX,SPBFUT_CONT,short,4928.059975520214,298967.30848530773,1
RTSI,SPBFUT_CONT,short,3266.595092024525,107914.34178348488,1
MOEX,SPBFUT_CONT,short,4569.6850393699215,9084.683899907315,1
MGNT,SPBFUT_CONT,short,3990.504807692298,6599.20580629923,1
RUAL,SPBFUT_CONT,short,2493.012640449441,6082.640798459489,1
SNGS,SPBFUT_CONT,short,3234.1337001154216,35924.45928110073,1
ALRS,SPBFUT_CONT,long,2344.974016749928,12742.867293217556,1
RUAL,SPBFUT_CONT,short,2584.1215035763294,6275.14081781328,1
ROSN,SPBFUT_CONT,short,3499.208004926459,40279.960016200675,1
MTSS,SPBFUT_CONT,short,4962.769855466315,23191.90376847396,1
TATN,SPBFUT_CONT,short,7235.26168067558,49329.67782728933,1
EUR/RUB,SPBFUT_CONT,short,4482.409656144502,73779.34145843622,1
USD/RUB,SPBFUT_CONT,short,4930.758869505451,85342.21609345189,1
EUR/RUB,SPBFUT_CONT,short,4483.436514882495,73787.10797741497,1
USD/RUB,SPBFUT_CONT,short,4118.521602431554,87324.37855809553,1
RUAL,SPBFUT_CONT,short,1744.3302564971375,6213.972587364411,1
EUR/RUB,SPBFUT_CONT,short,6184.791265474982,73846.65128958537,1
SBER,SPBFUT_CONT,short,3641.1479387025,14676.011941939572,1
IMOEX,SPBFUT_CONT,short,5585.603507173189,304931.8407839454,1
SMLT,SPBFUT_CONT,short,2711.2532009077236,3924.46827289615,1
Индекс госуд,SPBFUT_CONT,short,5653.225502307057,16836.613087636943,1
Nasdaq 100,SPBFUT_CONT,short,5584.806424049755,12176.391045998986,1
LKOH,SPBFUT_CONT,long,3878.4432353118355,46213.36431110838,1
EUR/RUB,SPBFUT_CONT,short,9899.849565094233,74259.57121528874,1
ALRS,SPBFUT_CONT,short,6533.914568331601,12430.285207734692,1
ALRS,SPBFUT_CONT,short,5491.136658237618,12503.283419314525,1
RUAL,SPBFUT_CONT,short,3383.2955603182145,6296.729605030527,1
MGNT,SPBFUT_CONT,long,4303.989732512189,7300.449687044499,1
ALRS,SPBFUT_CONT,short,4800.738677433611,12570.666383849752,1
Nasdaq 100,SPBFUT_CONT,long,4664.451665787551,12457.654078429485,1
AFKS,SPBFUT_CONT,long,9515.944616562296,21289.403155607113,1
NLMK,SPBFUT_CONT,long,3324.2865919833034,15986.03481097532,1
MAGN,SPBFUT_CONT,long,4286.744110649573,46723.59360874342,1
MOEX,SPBFUT_CONT,long,5520.216250938101,10036.826397041568,1
ROSN,SPBFUT_CONT,long,6734.462650523046,50048.12470677795,1
IRAO,SPBFUT_CONT,long,6688.559104109978,43423.9921528371,1
TATN,SPBFUT_CONT,long,10327.849122354728,53265.831102977594,1
SBER,SPBFUT_CONT,long,7084.924590636525,16760.20263114388,1
SNGS,SPBFUT_CONT,long,5413.719331754601,42624.32105260275,1
SNGSP,SPBFUT_CONT,long,8618.83318212968,36135.48511245524,1
SNGS,SPBFUT_CONT,long,6108.326104315896,42699.14768750784,1
AFKS,SPBFUT_CONT,long,6899.646404995524,21694.584836110786,1
ALRS,SPBFUT_CONT,short,4025.202298888643,12353.543498125127,1
SBER,SPBFUT_CONT,long,3730.6294864981737,17767.49579977633,1
SBERP,SPBFUT_CONT,long,3752.9669902515366,16797.53331948168,1
ROSN,SPBFUT_CONT,long,6070.456951322745,52240.2911047532,1
AFKS,SPBFUT_CONT,long,4336.480922683164,21702.853849998613,1
MOEX,SPBFUT_CONT,long,5367.168054741106,10187.1028947397,1
IMOEX,SPBFUT_CONT,long,5635.820269259546,342356.35716755415,1
Nasdaq 100,SPBFUT_CONT,long,5564.79917462415,12390.895148552983,1
NLMK,SPBFUT_CONT,long,3849.239929129238,16571.829722081457,1
TATN,SPBFUT_CONT,long,9870.427019445515,53687.173477101685,1
EUR/RUB,SPBFUT_CONT,long,10440.41679764046,78607.52742355723,1
IRAO,SPBFUT_CONT,long,7431.025714126657,45324.762671136894,1
GAZP,SPBFUT_CONT,short,2905.1584382169212,32996.91840067265,1
MOEX,SPBFUT_CONT,long,7205.3569821567635,10289.243951768898,1
ALRS,SPBFUT_CONT,short,4989.476061233507,12755.969536321629,1
GAZP,SPBFUT_CONT,short,2777.5896363399766,33307.97016006714,1
MTSS,SPBFUT_CONT,long,3700.287323031939,26818.167899779553,1
IMOEX,SPBFUT_CONT,long,4689.694136993004,346215.7604196138,1
SIBN,SPBFUT_CONT,long,2793.582866731036,4822.940867627751,1
IRAO,SPBFUT_CONT,long,3835.0179291113564,44686.46529054885,1
TATN,SPBFUT_CONT,long,3885.4386937457275,52552.267404864215,1
MGNT,SPBFUT_CONT,short,5217.072062005646,6896.956184234721,1
Nasdaq 100,SPBFUT_CONT,long,7827.299903510814,12723.595389248983,1
SNGS,SPBFUT_CONT,short,5204.337388345798,41143.137407814786,1
AKRN,TQBR,long,3278.627833309357,17670.0,1
MAGN,SPBFUT_CONT,long,7217.810784542616,45086.74207942817,1
SIBN,SPBFUT_CONT,long,3710.4863453245043,4745.101279706064,1
MTSS,SPBFUT_CONT,long,8992.180587436018,26054.92135757357,1
USD/RUB,SPBFUT_CONT,long,17585.92326973643,89000.69670416813,1
USD/RUB,SPBFUT_CONT,long,15190.394901391544,88847.77454488263,1
USD/RUB,SPBFUT_CONT,long,16528.716280695502,89201.68011351481,1
Nasdaq 100,SPBFUT_CONT,long,8370.175919685793,12745.483562978983,1
DZRD,TQBR,long,1596.7888376968715,2030.0,1
DZRD,TQBR,long,1188.584079528992,2050.0,1
RTGZ,TQBR,short,1290.2854184710347,24000.0,1
ROSN,SPBFUT_CONT,long,10927.175721802398,50044.0798007619,1
HYDR,SPBFUT_CONT,short,10800.569331730958,11715.00777852599,1
MGNT,SPBFUT_CONT,short,4724.471995478749,6382.447460935506,1
Nasdaq 100,SPBFUT_CONT,short,5562.571061622899,12987.823871973016,1
LKOH,SPBFUT_CONT,short,8409.103483252979,51066.97022835728,1
SMLT,SPBFUT_CONT,long,3489.5719645780714,4271.577164085728,1
Палладий,SPBFUT_CONT,short,2274.962644576078,3198.4924956896593,1
EUR/RUB,SPBFUT_CONT,long,7919.737984739944,86277.7418128597,1
NLMK,SPBFUT_CONT,long,7291.809648657655,16922.090944938038,1
SNGS,SPBFUT_CONT,short,4920.081107234909,39805.1547238213,1
SBERP,SPBFUT_CONT,long,7403.024513081831,17352.142117454285,1
SNGSP,SPBFUT_CONT,short,6162.701197903621,33277.033847298146,1
MOEX,SPBFUT_CONT,short,3852.493795547494,9580.16511632576,1
HYDR,SPBFUT_CONT,short,8021.60129115772,11375.442335670165,1
IMOEX,SPBFUT_CONT,long,9226.046624020972,338276.2732876964,1
GAZP,SPBFUT_CONT,short,9013.783297996335,31307.32041535607,1
MAGN,SPBFUT_CONT,long,3768.9963448081207,49118.04123907061,1
SNGSP,SPBFUT_CONT,short,4883.3630570904415,33843.17131730164,1
AFKS,SPBFUT_CONT,short,7175.170742240647,20475.974615287883,1
NLMK,SPBFUT_CONT,long,5737.273211291668,17711.829815904217,1
RTSI,SPBFUT_CONT,short,4204.20461810982,113517.90406733628,1
EUR/RUB,SPBFUT_CONT,long,5507.175041076283,91338.87898600768,1
USD/RUB,SPBFUT_CONT,long,5633.780210466502,95777.95256702982,1
NLMK,SPBFUT_CONT,long,4281.343344035561,17885.262665998747,1
AKRN,TQBR,long,11606.26252741876,18090.0,1
SBER,SPBFUT_CONT,long,9386.23600096692,18555.891126514416,1
AKRN,TQBR,long,6533.388550505988,18086.0,1
RTKM,SPBFUT_CONT,short,6136.484872688769,7445.048174156695,1
NLMK,SPBFUT_CONT,long,6233.864692857885,17852.744006606023,1
USD/RUB,SPBFUT_CONT,long,5249.3535072578325,99040.2765227046,1
RTKM,SPBFUT_CONT,short,3334.7612703514806,7479.351071999699,1
AFKS,SPBFUT_CONT,long,14321.386411541172,20538.18606714908,1
Nasdaq 100,SPBFUT_CONT,short,6690.09228070641,12313.552860797836,1
AFKS,SPBFUT_CONT,short,15895.671942877625,20684.467048552433,1
ROSN,SPBFUT_CONT,long,8204.068525613531,53657.074571731966,1
NLMK,SPBFUT_CONT,long,8698.678404172113,17310.766350060607,1
RTGZ,TQBR,short,1661.9199939925106,24000.0,1
Tracker Fund,SPBFUT_CONT,long,7958.751072319697,35255.92575225094,1
IMOEX,SPBFUT_CONT,long,11850.808392662759,354473.9577970495,1
EUR/RUB,SPBFUT_CONT,long,8715.887394222675,92929.12354003616,1
HYDR,SPBFUT_CONT,long,8706.024248128251,11963.507943525025,1
DZRD,TQBR,long,1271.1100587467959,2595.0,1
GAZP,SPBFUT_CONT,short,11160.61939340647,32174.43561615315,1
SNGS,SPBFUT_CONT,short,5051.335392098447,39794.43568390645,1
RUAL,SPBFUT_CONT,long,5763.071420662088,7510.937916973202,1
SBER,SPBFUT_CONT,long,6104.6283127211855,19936.006547676472,1
AKRN,TQBR,long,15450.17947081336,18010.0,1
Nasdaq 100,SPBFUT_CONT,long,9840.5782024593,12580.801238361464,1
SNGS,SPBFUT_CONT,short,8419.432197258287,39303.1463544755,1
SBER,SPBFUT_CONT,long,8273.41724399517,20070.52576398468,1
Nasdaq 100,SPBFUT_CONT,long,8100.6915764097685,12833.51309329611,1
RTSI,SPBFUT_CONT,short,7133.980209937753,113119.19592460104,1
HYDR,SPBFUT_CONT,long,11079.441112409862,11954.247067810777,1
VSMO,TQBR,short,4526.679275779692,48860.0,1
TATN,SPBFUT_CONT,short,11161.231586347345,45350.95406886743,1
AKRN,TQBR,long,9672.901578881665,18050.0,1
LKOH,SPBFUT_CONT,short,11256.431802845862,52211.27676049717,1
MTSS,SPBFUT_CONT,long,7259.38251213438,28542.130942047366,1
IMOEX,SPBFUT_CONT,long,9907.757407354948,359819.99160062906,1
MOEX,SPBFUT_CONT,long,5242.100230663389,12641.013878540354,1
Nasdaq 100,SPBFUT_CONT,long,7560.784338195767,13665.449465293348,1
ALRS,SPBFUT_CONT,long,8936.324185608593,11664.820794990115,1
LKOH,SPBFUT_CONT,short,7888.449249575358,51839.44260131213,1
Tracker Fund,SPBFUT_CONT,long,6232.322683044727,34715.45671563777,1
EUR/RUB,SPBFUT_CONT,long,11566.295525796597,99041.54678598283,1
USD/RUB,SPBFUT_CONT,long,8694.8666214726,101749.87552792748,1
RTGZ,TQBR,short,3440.575908284183,24400.0,1
RTGZ,TQBR,short,2568.253325450491,24400.0,1
MOEX,SPBFUT_CONT,long,5088.534510750328,12341.34220924925,1
SBERP,SPBFUT_CONT,long,5389.654538156871,20343.448061052128,1
IMOEX,SPBFUT_CONT,short,9051.632049339898,347851.25920455536,1
MOEX,SPBFUT_CONT,long,5921.927693353674,12473.10446072744,1
MAGN,SPBFUT_CONT,long,3111.3443709491744,55726.24656114803,1
DZRD,TQBR,long,1657.2265593742445,2845.0,1
TATN,SPBFUT_CONT,short,6554.074732616602,42763.06553725595,1
RTKM,SPBFUT_CONT,long,4731.497691221025,7706.277934653421,1
EUR/RUB,SPBFUT_CONT,long,8290.423094359292,100219.6466190709,1
LKOH,TQBR,long,3808.0048146741274,4054.5,1
PHOR,TQBR,long,4013.260787012977,7160.0,1
DZRD,TQBR,long,2534.335079177259,2865.0,1
BELU,TQBR,long,3053.6511516243627,3416.0,1
POSI,SPBFUT_CONT,long,2905.103370685169,3172.170314801303,1
EUR/RUB,SPBFUT_CONT,long,7883.274586249915,102342.57683730472,1
RTKM,SPBFUT_CONT,short,4711.351492263002,7579.723411725148,1
IMOEX,SPBFUT_CONT,long,6133.7379239558895,370105.5819779179,1
MOEX,SPBFUT_CONT,long,4029.629350923879,13254.484623359504,1
TATN,SPBFUT_CONT,long,6203.092345805649,45267.08745406145,1
RUAL,SPBFUT_CONT,short,1830.7249678427402,7146.297619614098,1
SBERP,SPBFUT_CONT,long,2015.462267529199,22027.22711453859,1
SBER,SPBFUT_CONT,long,2461.8196280679836,22882.94181274172,1
PHOR,TQBR,long,3829.3545819257956,7108.0,1
Nasdaq 100,SPBFUT_CONT,long,4889.349693031777,14168.823821402686,1
AFKS,SPBFUT_CONT,long,4108.253920114849,22777.40160996725,1
ROSN,SPBFUT_CONT,long,4448.061859757522,55952.13549390115,1
USD/RUB,SPBFUT_CONT,long,10967.617652436058,104952.01447960726,1
SMLT,SPBFUT_CONT,long,1351.4458407910895,4351.588053846946,1
MAGN,SPBFUT_CONT,short,6134.400386298995,56958.42171438628,1
HYDR,SPBFUT_CONT,long,6178.831143546941,12705.921479950715,1
ALRS,SPBFUT_CONT,long,7410.832462141274,11609.16556887407,1
Tracker Fund,SPBFUT_CONT,long,3955.3637514186385,31547.94106380953,1
MOEX,SPBFUT_CONT,short,9835.049930336152,12843.301055932618,1
AFKS,SPBFUT_CONT,long,5036.763751877757,24042.541786490023,1
POSI,SPBFUT_CONT,long,1441.5984859881796,3172.170314801303,1
SNGSP,SPBFUT_CONT,long,4393.782665153003,41885.84833499177,1
NLMK,SPBFUT_CONT,long,6179.706397636902,19998.714970692756,1
ROSN,SPBFUT_CONT,long,5574.569162226692,57797.103164570326,1
DZRD,TQBR,long,2896.601651010069,3005.0,1
RTSI,SPBFUT_CONT,long,8515.403619715387,113353.5832554771,1
Tracker Fund,SPBFUT_CONT,short,7454.263853655438,31176.16645441255,1
HYDR,SPBFUT_CONT,long,4463.243893644198,13238.360094348647,1
IMOEX,SPBFUT_CONT,long,12404.28284274056,403234.1980473306,1
AKRN,TQBR,long,9639.482685432116,18698.0,1
Nasdaq 100,SPBFUT_CONT,long,9127.272175284987,14846.593081547617,1
MAGN,SPBFUT_CONT,long,5642.555775620095,59730.67638397957,1
VSMO,TQBR,short,6186.287158506385,46660.0,1
AKRN,TQBR,long,7532.118417177811,18884.0,1
ROSN,SPBFUT_CONT,long,7242.42559189312,57817.8999015988,1
VSMO,TQBR,long,1576.5034814448693,54740.0,1
EUR/RUB,SPBFUT_CONT,long,11914.392512669618,112068.86789074706,1
EUR/RUB,SPBFUT_CONT,long,9725.543927300105,112656.8392653056,1
AFLT,SPBFUT_CONT,long,3608.947616053784,5737.346760213571,1
MGNT,TQBR,long,2772.71525547541,4802.0,1
MGNT,SPBFUT_CONT,long,3350.8467898051586,6641.7234473890985,1
LKOH,TQBR,long,3837.9714179933094,4701.0,1
SNGSP,SPBFUT_CONT,long,4835.143264530613,46083.93342220513,1
Индекс госуд,SPBFUT_CONT,long,2442.1279744401277,17343.23170320592,1
RUAL,SPBFUT_CONT,long,4918.667569806682,7623.066742330288,1
Индекс госуд,SPBFUT_CONT,long,1381.2510922154038,17013.26154142499,1
EUR/RUB,SPBFUT_CONT,long,14450.642606982183,112829.54791960356,1
RTGZ,TQBR,long,1762.6853641482935,32600.0,1
SBERP,SPBFUT_CONT,long,12342.526605667115,26894.489557353067,1
Nasdaq 100,SPBFUT_CONT,long,8299.801809160577,14796.047577401216,1
GAZP,SPBFUT_CONT,long,7434.4583998904745,34347.8398217239,1
AFKS,SPBFUT_CONT,long,4816.593148442149,25379.23230718633,1
SMLT,SPBFUT_CONT,long,2980.4606555573414,4768.863620654189,1
MOEX,SPBFUT_CONT,long,9629.986857205244,12903.388052891847,1
BELU,TQBR,short,3230.4319693307284,4172.0,1
ROSN,SPBFUT_CONT,long,8155.6432744791655,58082.31555810373,1
Nasdaq 100,SPBFUT_CONT,long,9297.43537962986,15068.30404291706,1
ROSN,SPBFUT_CONT,short,4538.903323553352,57427.2183417067,1
FEES,SPBFUT_CONT,short,1836.3007116184253,16431.815897935518,1
RTKM,SPBFUT_CONT,long,4402.796044169515,8423.339447739212,1
RTSI,SPBFUT_CONT,long,5993.327309498411,115199.06074603548,1
IRAO,SPBFUT_CONT,long,3605.851782639155,51697.67059724809,1
RTKM,SPBFUT_CONT,long,6366.992669806215,8374.619980613781,1
AFKS,SPBFUT_CONT,short,3098.0305837139545,24398.667363171888,1
Nasdaq 100,SPBFUT_CONT,long,6982.478108653004,14948.832851298292,1
DZRD,TQBR,long,1627.3315463793936,2910.0,1
GAZP,SPBFUT_CONT,short,4057.523530364936,32752.02058457862,1
PHOR,TQBR,short,5300.4472015747815,7130.0,1
NLMK,SPBFUT_CONT,short,3807.3167484051423,19569.771911129526,1
SMLT,SPBFUT_CONT,short,2881.209569825278,4300.493086482795,1
SBER,SPBFUT_CONT,long,4386.088109292851,28967.97530752218,1
SNGS,SPBFUT_CONT,long,7007.55631737472,41737.707715855075,1
RTKM,SPBFUT_CONT,long,5925.166703792147,8483.597736025931,1
RTSI,SPBFUT_CONT,long,4725.199715680086,117961.54568531852,1
RTSI,SPBFUT_CONT,long,6360.340219507702,117525.9671471743,1
EUR/RUB,SPBFUT_CONT,short,6991.918044157279,109451.56982818738,1
AKRN,TQBR,short,4491.930816597571,19426.0,1
GAZP,SPBFUT_CONT,short,6916.323491653687,33102.87445941198,1
SNGSP,SPBFUT_CONT,short,1307.340294667415,41224.682029207404,1
SNGS,SPBFUT_CONT,short,2472.01705630086,42090.27468786478,1
MOEX,SPBFUT_CONT,long,6535.9458798151,13048.30375144058,1
ROSN,SPBFUT_CONT,long,7400.256792850849,62085.68743608555,1
ALRS,SPBFUT_CONT,long,5492.935187305228,11783.01330617834,1
Tracker Fund,SPBFUT_CONT,short,7442.941458135896,28785.347128369503,1
RTKM,SPBFUT_CONT,long,4233.450178117761,9016.9476919254,1
RTGZ,TQBR,short,1597.1451563398311,29200.0,1
PHOR,TQBR,long,5736.709573203366,7571.0,1
FEES,SPBFUT_CONT,long,3721.9109107343643,16702.536300548672,1
RTGZ,TQBR,short,610.5794478788077,30000.0,1
ALRS,SPBFUT_CONT,long,5064.496166921212,11934.032552725484,1
ALRS,SPBFUT_CONT,short,1361.0031901805883,11291.322736024847,1
MGNT,TQBR,short,4013.7536872388196,4119.0,1
ROSN,SPBFUT_CONT,long,4529.559108015518,65840.98395094198,1
PHOR,TQBR,long,3771.136014336999,7624.0,1
DZRD,TQBR,long,1665.8011569760304,3395.0,1
SMLT,TQBR,long,2335.0430359340608,3038.0,1
Tracker Fund,SPBFUT_CONT,short,5323.503702645437,27197.552463223903,1
FEES,SPBFUT_CONT,long,5811.986800996336,16054.004570333283,1
TRNFP,TQBR,long,1202.7648209995684,1435.0,1
HYDR,SPBFUT_CONT,long,9678.13789616424,12784.56339872417,1
iShares Core,SPBFUT_CONT,long,3402.419465906946,27535.855769229463,1
HYDR,SPBFUT_CONT,short,8878.246415235091,12725.94691595975,1
NLMK,SPBFUT_CONT,long,6662.1399407109275,24077.039871329333,1
PHOR,TQBR,long,5137.540056500053,7521.0,1
AKRN,TQBR,long,12929.438602045264,18880.0,1
MTSS,SPBFUT_CONT,long,6236.64229133816,36059.903172654565,1
POSI,SPBFUT_CONT,long,2955.420011401387,3513.7144882794423,1
Tracker Fund,SPBFUT_CONT,short,4179.487025308466,26542.613640784955,1
EUR/RUB,SPBFUT_CONT,long,9963.367080260092,113521.91316377002,1
MAGN,SPBFUT_CONT,long,5144.9523801638215,66860.40626501058,1
SNGSP,SPBFUT_CONT,long,3110.611487014036,43318.619250203774,1
DZRD,TQBR,long,2029.4731521643437,3675.0,1
MTSS,TQBR,long,1773.9773365815056,346.0,10
MTSS,SPBFUT_CONT,long,5057.394723532936,35876.55924214266,1
AKRN,TQBR,long,6889.315543224378,19000.0,1
MTSS,SPBFUT_CONT,long,5988.505942913421,35823.366867241064,1
MAGN,SPBFUT_CONT,long,2708.108322000542,67262.86393609137,1
iShares Core,SPBFUT_CONT,long,6542.070783417187,27416.722155895302,1
RUAL,SPBFUT_CONT,short,6328.435772362862,6978.906437104776,1
AFLT,SPBFUT_CONT,long,5126.991624115061,6599.459371627783,1
DZRD,TQBR,long,2299.2259440684384,3965.0,1
NLMK,SPBFUT_CONT,long,6520.426751873782,24816.760508240262,1
SBER,SPBFUT_CONT,long,10767.748102830485,30303.98859689985,1
LKOH,SPBFUT_CONT,long,10200.993811097665,68196.17704033306,1
EUR/RUB,SPBFUT_CONT,long,9432.559964620237,119450.86482493576,1
SBERP,SPBFUT_CONT,long,9770.757258560767,29682.60644952266,1
MTSS,SPBFUT_CONT,short,5520.276396429978,33287.1091618265,1
RTSI,SPBFUT_CONT,short,6708.32259873335,115112.5443228986,1
USD/RUB,SPBFUT_CONT,long,6811.059754590053,115906.32810796444,1
SNGSP,SPBFUT_CONT,long,4386.544114657995,47593.96859952501,1
TATN,SPBFUT_CONT,long,11812.534031671254,62095.42698006005,1
HYDR,SPBFUT_CONT,long,6527.572981025761,12264.727748944966,1
PHOR,TQBR,short,5299.044166375938,7282.0,1
LKOH,SPBFUT_CONT,long,5723.826743156024,72008.05336806877,1
USD/RUB,SPBFUT_CONT,long,11477.749063483634,117768.14467380886,1
FEES,SPBFUT_CONT,long,9286.200284952467,16711.795426967627,1
iShares Core,SPBFUT_CONT,long,5704.810142750781,26948.183247077726,1
MOEX,SPBFUT_CONT,long,3243.8117592540398,13618.681453021783,1
SNGS,SPBFUT_CONT,long,5245.338105507332,47998.99651001838,1
Tracker Fund,SPBFUT_CONT,short,4272.234301521114,27198.905642609105,1
iShares Core,SPBFUT_CONT,long,5221.818281936993,26908.20552448237,1
VSMO,TQBR,short,4351.442102906053,48940.0,1
AFLT,SPBFUT_CONT,long,4264.927231039752,6775.625638221543,1
BELU,TQBR,long,3796.5882064057173,4900.0,1
MGNT,TQBR,long,3510.591184429448,5709.5,1
MGNT,SPBFUT_CONT,long,3531.4177904631006,8000.491600031498,1
SMLT,TQBR,long,3456.908957043261,3523.0,1
SMLT,SPBFUT_CONT,long,3467.387965947029,6019.146014295001,1
IRAO,SPBFUT_CONT,long,9909.632478961355,57371.41775615437,1
RTKM,SPBFUT_CONT,long,6038.835245030822,9804.027688229897,1
Tracker Fund,SPBFUT_CONT,long,4627.768899782793,27056.82180716264,1
POSI,SPBFUT_CONT,long,3680.5830130943614,3881.489026856111,1
Tracker Fund,SPBFUT_CONT,long,5654.325389405909,27990.5155829537,1
SBERP,SPBFUT_CONT,long,12854.246513527696,30541.8237579568,1
MOEX,SPBFUT_CONT,long,7428.622696200261,14417.121847944523,1
HYDR,SPBFUT_CONT,long,9901.999093234113,13134.71975629058,1
GAZP,SPBFUT_CONT,long,8741.03087891333,31684.183021721587,1
AKRN,TQBR,long,5915.838559280077,19516.0,1
iShares Core,SPBFUT_CONT,short,6851.785677753388,26990.559633028806,1
AFKS,SPBFUT_CONT,long,7013.880115306087,30719.03105214837,1
AKRN,TQBR,short,8697.28148218117,19306.0,1
Nasdaq 100,SPBFUT_CONT,short,8795.663470139556,17816.28407789469,1
MTSS,SPBFUT_CONT,short,4019.7892366692754,32841.19861477905,1
RUAL,SPBFUT_CONT,short,3115.9387004426294,7365.942402625518,1
Nasdaq 100,SPBFUT_CONT,short,7374.273852385175,17735.249089455836,1
YDEX,TQBR,long,2348.8275331969776,2762.5,1
PHOR,TQBR,long,4158.188997023303,7556.0,1
TATN,SPBFUT_CONT,long,2021.9320012584665,73755.66724459575,1
HEAD,TQBR,long,1288.1556006987448,2625.0,1
Индекс госуд,SPBFUT_CONT,short,6869.919240459586,16508.376287885007,1
Золото в руб,SPBFUT_CONT,long,7832.500950147578,9403.86861273415,1
USD/RUB,SPBFUT_CONT,long,7281.9180465605405,125167.90888447886,1
SNGSP,SPBFUT_CONT,long,3260.8559671007647,57153.82043565224,1
OZON,TQBR,long,2040.6557178273836,2677.5,1
DZRD,TQBR,long,1728.2917047048038,4780.0,1
MAGN,SPBFUT_CONT,long,5694.893485730521,75448.05938736838,1
HYDR,SPBFUT_CONT,long,5424.609455474454,14095.721565823054,1
NLMK,SPBFUT_CONT,long,7115.8617165036,29950.017193678792,1
PHOR,TQBR,long,3880.121833381563,7603.0,1
AFKS,SPBFUT_CONT,short,5898.315717783538,29617.32758247708,1
IRAO,SPBFUT_CONT,short,5423.975760032308,57438.158799103294,1
MTSS,SPBFUT_CONT,short,5740.887624993014,32629.560867830132,1
WUSH,SPBFUT_CONT,short,1483.3744679722524,3312.939852935912,1
RUAL,SPBFUT_CONT,short,3435.8496117774466,7416.729927512855,1
AKRN,TQBR,short,3833.981426583701,19376.0,1
TATN,SPBFUT_CONT,long,2162.6983271270587,76349.27028837921,1
ROSN,SPBFUT_CONT,long,2688.7878289995365,82909.66294957335,1
MOEX,SPBFUT_CONT,long,2592.103265248139,14849.700067296197,1
SNGSP,SPBFUT_CONT,long,2342.1479518023375,58248.319095621446,1
SNGS,SPBFUT_CONT,long,2663.546185927218,54542.25197684883,1
LKOH,SPBFUT_CONT,long,3465.3434352296626,82562.81397701311,1
VSMO,TQBR,long,2458.731474504003,53720.0,1
AKRN,TQBR,long,4009.379843094073,19646.0,1
RTSI,SPBFUT_CONT,long,6695.185990256022,119558.11131725968,1
BSPB,TQBR,long,1574.7577758703571,291.4,10
WUSH,SPBFUT_CONT,long,1727.6702372241064,3569.038821830629,1
ALRS,SPBFUT_CONT,long,3038.596859727258,14443.964051405792,1
SNGSP,SPBFUT_CONT,long,3167.812832584715,56281.91212486539,1
Tracker Fund,SPBFUT_CONT,short,7556.39339654384,25548.026792659697,1
MTSS,SPBFUT_CONT,long,8473.571978229622,32029.731959365286,1
AFKS,SPBFUT_CONT,long,8566.570155074714,28837.289359425144,1
USD/RUB,SPBFUT_CONT,long,10072.701305416975,123459.15448847,1
Золото в руб,SPBFUT_CONT,long,8396.05029447801,9087.310597814056,1
LKOH,SPBFUT_CONT,long,9608.546110457672,82561.50898682902,1
LKOH,TQBR,long,5175.640915903685,6624.0,1
Tracker Fund,SPBFUT_CONT,short,7705.1679313985305,24641.39660457273,1
NLMK,SPBFUT_CONT,short,4426.214017465155,28687.290950201936,1
Nasdaq 100,SPBFUT_CONT,short,8565.828943196942,17277.572605456106,1
WUSH,SPBFUT_CONT,long,2808.596865517722,3623.5279641486536,1
WUSH,SPBFUT_CONT,long,2588.195461729644,3609.9056785691473,1
SMLT,SPBFUT_CONT,long,3610.165964016343,6528.161153098066,1
SMLT,TQBR,long,3796.1415237468996,3858.6,1
AFKS,SPBFUT_CONT,long,6001.144428669009,29458.103285400495,1
MAGN,SPBFUT_CONT,long,6310.908979587271,78190.15654772522,1
NLMK,SPBFUT_CONT,long,3523.109845401843,29192.959354340263,1
MGNT,TQBR,long,5128.333966797882,6054.5,1
AKRN,TQBR,long,6456.814853219329,19340.0,1
MOEX,SPBFUT_CONT,long,5666.436561166674,18443.75790967078,1
TRMK,TQBR,long,2239.900080466252,266.6,10
GAZP,SPBFUT_CONT,long,7160.749484577524,32799.63322179355,1
SMLT,SPBFUT_CONT,long,4952.255499789765,6551.680004395897,1
MOEX,SPBFUT_CONT,long,8182.135199156246,18490.028714228298,1
AFKS,SPBFUT_CONT,long,4951.603424517231,30254.2247707834,1
PHOR,TQBR,short,5899.171008420246,7216.0,1
AKRN,TQBR,short,1298.5706197692812,19400.0,1
SMLT,TQBR,long,2883.974144372469,3839.6,1
MGNT,TQBR,short,3073.0886938873427,5694.5,1
Индекс госуд,SPBFUT_CONT,short,11070.718549692718,15847.85424149958,1
Tracker Fund,SPBFUT_CONT,short,4932.144939759889,24163.996924660816,1
VSMO,TQBR,short,2495.7913671177603,49500.0,1
iShares Core,SPBFUT_CONT,long,2629.536264547566,27223.427763056097,1
SNGSP,SPBFUT_CONT,long,5597.851768608597,58087.95761174158,1
Tracker Fund,SPBFUT_CONT,short,8813.333277361538,24409.355611504907,1
HYDR,SPBFUT_CONT,short,3986.9058955235105,13924.252495136365,1
NLMK,SPBFUT_CONT,long,6683.186724869346,28509.775218216557,1
ALRS,SPBFUT_CONT,short,3090.609337782388,12948.855634847794,1
SVAV,TQBR,long,801.4926704970434,1087.5,1
FLOT,SPBFUT_CONT,short,1999.9197238735956,14605.945262547904,1
SMLT,SPBFUT_CONT,short,2987.6929106272064,6095.723431143724,1
NLMK,SPBFUT_CONT,short,3217.412848769352,28935.82772385963,1
USD/RUB,SPBFUT_CONT,long,8040.229996954718,131074.23504440143,1
LKOH,SPBFUT_CONT,long,7758.98375406103,86167.32229750446,1
MOEX,SPBFUT_CONT,long,6734.000617222204,18629.471957186553,1
SNGSP,SPBFUT_CONT,long,5140.045908776739,56931.871947091786,1
ALRS,SPBFUT_CONT,short,4305.471562560158,12412.887397118708,1
ROSN,SPBFUT_CONT,short,5687.911237540086,76805.1985713936,1
NLMK,SPBFUT_CONT,long,4807.896551017982,29411.919953319844,1
TATN,SPBFUT_CONT,long,9288.901479912209,78550.60332923607,1
SMLT,SPBFUT_CONT,short,5733.246733772826,6185.934982978832,1
NLMK,SPBFUT_CONT,long,7004.609525810229,29759.338607250273,1
ALRS,SPBFUT_CONT,short,6245.675226835919,12505.354760816375,1
MAGN,SPBFUT_CONT,long,7352.897252939972,74401.47560571693,1
NLMK,SPBFUT_CONT,long,7890.916309394212,29945.200438571075,1
IRAO,SPBFUT_CONT,long,7842.307444204623,60000.382419507354,1
FEES,SPBFUT_CONT,short,3932.896887638244,20811.99077634447,1
PHOR,TQBR,short,3550.834858616532,6818.0,1
DZRD,TQBR,long,1013.0068439837054,8600.0,1
AFLT,SPBFUT_CONT,short,4464.018620364019,6175.609814934734,1
SIBN,SPBFUT_CONT,long,5598.250696666318,8458.57154973221,1
SBER,SPBFUT_CONT,long,7413.606368772668,32513.665198782975,1
Индекс госуд,SPBFUT_CONT,short,5144.099617473124,15450.701287816177,1
SNGS,SPBFUT_CONT,long,3336.147525590443,57633.280091581655,1
LKOH,SPBFUT_CONT,long,6664.71654263388,89318.92161989263,1
Nasdaq 100,SPBFUT_CONT,short,7879.287507019721,17118.598518623374,1
SBER,SPBFUT_CONT,long,8593.058039969983,32553.50445882901,1
ROSN,SPBFUT_CONT,long,8603.10865169836,80929.76245119603,1
USD/RUB,SPBFUT_CONT,long,8601.84340743894,138906.1977530674,1
PHOR,TQBR,short,3464.2359915085317,6826.0,1
ALRS,SPBFUT_CONT,short,7889.440749296346,12513.916553751347,1
FEES,SPBFUT_CONT,short,10775.406354308529,19549.2443890025,1
MAGN,SPBFUT_CONT,short,5871.148382814054,73573.40082110411,1
Индекс госуд,SPBFUT_CONT,long,5234.406988753657,15915.145937970854,1
RTKM,SPBFUT_CONT,long,5541.4810926986165,10341.2621545488,1
SMLT,TQBR,long,3012.380644214421,4034.0,1
Nasdaq 100,SPBFUT_CONT,short,11134.761142246802,17491.190570495368,1
Tracker Fund,SPBFUT_CONT,short,5864.455806590686,23677.113280454578,1
WUSH,SPBFUT_CONT,short,2232.2224575674813,2958.7604278687504,1
AFKS,SPBFUT_CONT,long,11195.50031305039,28549.254957763995,1
SIBN,SPBFUT_CONT,long,6648.888604712092,8810.86669469013,1
MTSS,SPBFUT_CONT,short,13327.677172803065,31043.116501355904,1
Tracker Fund,SPBFUT_CONT,short,6549.275569435303,22704.623901869418,1
Nasdaq 100,SPBFUT_CONT,short,7690.892122171662,17128.91645236752,1
Tracker Fund,SPBFUT_CONT,short,5038.7693895624825,22957.65004767738,1
Индекс госуд,SPBFUT_CONT,short,5797.7923860877645,15503.479088970114,1
iShares Core,SPBFUT_CONT,short,5444.030621224174,24972.04871978436,1
MAGN,SPBFUT_CONT,short,12450.464416365247,74813.42541453271,1
Индекс госуд,SPBFUT_CONT,short,5175.6088024497785,15507.43742405666,1
FEES,SPBFUT_CONT,long,3493.91063024859,21059.71427144086,1
EUR/RUB,SPBFUT_CONT,short,11018.452892585734,125175.58012393584,1
MGNT,SPBFUT_CONT,long,5140.996086604987,8311.541199935706,1
MGNT,TQBR,long,5000.99526650224,6068.5,1
ROSN,SPBFUT_CONT,long,4714.231224571856,88906.94094400073,1
SNGSP,SPBFUT_CONT,long,4296.041894260088,64952.427312846194,1
LKOH,SPBFUT_CONT,long,4513.207715317842,91868.53006047632,1
Tracker Fund,SPBFUT_CONT,short,5198.6101181513695,22795.355499608635,1
FLOT,SPBFUT_CONT,short,8422.23053495637,16183.508398282967,1
FEES,SPBFUT_CONT,long,3410.912337150359,21775.538656621975,1
SIBN,SPBFUT_CONT,long,4639.153512927141,9168.97529088498,1
HEAD,TQBR,long,2595.8496833145186,3826.0,1
EUR/RUB,SPBFUT_CONT,short,7688.310887787397,125816.6113969562,1
DZRD,TQBR,short,814.3839554671622,7135.0,1
FEES,SPBFUT_CONT,long,5051.908993761929,21630.765185461747,1
PHOR,TQBR,short,6239.433045771224,6632.0,1
RTGZ,TQBR,short,1885.9238319666295,34400.0,1
AFKS,SPBFUT_CONT,short,9669.303930248034,26755.85700820722,1
SNGS,SPBFUT_CONT,long,7355.2061317652515,55355.297918082775,1
FEES,SPBFUT_CONT,long,5483.850726121032,20873.117353056565,1
MTSS,SPBFUT_CONT,short,12324.614865378311,30789.68071958013,1
NLMK,SPBFUT_CONT,long,7122.749460157181,28299.608378184577,1
Tracker Fund,SPBFUT_CONT,short,7273.272396728953,23031.76881766153,1
SIBN,SPBFUT_CONT,long,4237.885201654869,9981.695773807702,1
BELU,TQBR,long,4818.508503259146,5709.0,1
AFKS,SPBFUT_CONT,short,8952.313522056113,27055.54531991855,1
NLMK,SPBFUT_CONT,short,5426.340910531346,27935.03324751684,1
RTGZ,TQBR,short,1451.2661246362488,32000.0,1
MGNT,TQBR,long,5278.223911968477,6078.5,1
EUR/RUB,SPBFUT_CONT,short,9491.553686687781,124489.03183744656,1
MOEX,SPBFUT_CONT,long,4289.710953482766,21842.478125072663,1
SNGSP,SPBFUT_CONT,long,4772.9286688599395,66805.3163138331,1
SBERP,SPBFUT_CONT,long,8118.105806264396,34391.343089127906,1
SBER,SPBFUT_CONT,long,7282.330324119296,34761.565265622936,1
RTGZ,TQBR,long,1093.484761393608,36400.0,1
MTSS,SPBFUT_CONT,short,5198.159396017541,30748.732580166576,1
EUR/RUB,SPBFUT_CONT,short,10043.722007051512,122976.85550109085,1
SNGSP,SPBFUT_CONT,long,3392.7451872474035,67394.053219979,1
TATN,SPBFUT_CONT,long,4693.687346464752,82092.34383393887,1
SBER,SPBFUT_CONT,long,6398.010127761422,34644.46198609368,1
RTKM,SPBFUT_CONT,long,7025.227507528727,10515.68982425811,1
USD/RUB,SPBFUT_CONT,short,7306.995094356921,122751.05953795995,1
iShares Core,SPBFUT_CONT,long,6430.843682870431,27152.11711462667,1
RTGZ,TQBR,short,1450.1637664119453,33800.0,1
ROSN,SPBFUT_CONT,short,9075.654181370985,86384.83080835408,1
IRAO,SPBFUT_CONT,short,11595.594592680856,57986.9647610154,1
IRAO,SPBFUT_CONT,short,9199.441255273934,58116.99239941334,1
iShares Core,SPBFUT_CONT,short,5688.835394062546,26252.505857517048,1
MAGN,SPBFUT_CONT,short,6393.615567608229,72805.17009655574,1
iShares Core,SPBFUT_CONT,long,2855.9765354589085,27466.354147815666,1
ROSN,SPBFUT_CONT,short,7538.816418162896,85394.99396091478,1
BANE,TQBR,long,1854.5384065394876,2421.5,1
ROSN,SPBFUT_CONT,long,6676.068807910818,86323.4229093992,1
RTKM,SPBFUT_CONT,long,7519.642532116597,10365.600899159404,1
RUAL,SPBFUT_CONT,short,4222.239439070308,6405.867132004487,1
VSMO,TQBR,short,2061.2653998765177,34480.0,1
GAZP,SPBFUT_CONT,short,6316.9001193743725,29096.17454923134,1
CBOM,SPBFUT_CONT,long,1063.2689701587296,9900.559515842911,1
MAGN,SPBFUT_CONT,short,8893.538648544989,71680.65845627479,1
MGNT,SPBFUT_CONT,long,4677.139830806662,8689.27742461336,1
LKOH,TQBR,short,2503.6196223861593,7170.0,1
PHOR,TQBR,short,3185.470666430327,6670.0,1
AKRN,TQBR,short,7167.421336852169,18750.0,1
SMLT,SPBFUT_CONT,short,4095.0160305772074,6324.474151868462,1
AKRN,TQBR,short,5442.937909692074,18668.0,1
WUSH,SPBFUT_CONT,short,2781.5999758803837,2906.9957426666265,1
AFKS,SPBFUT_CONT,short,7649.82741249879,25481.393029982173,1
HYDR,SPBFUT_CONT,short,4096.918678841741,11415.971413682308,1
AKRN,TQBR,short,6017.681551670077,18734.0,1
ALRS,SPBFUT_CONT,short,4589.9461807266325,11323.827335790593,1
BSPB,TQBR,short,1725.5070396213885,211.49,10
AKRN,TQBR,short,6753.793540660363,18716.0,1
Индекс моско,SPBFUT_CONT,short,4350.089517680826,5002.680006028601,1
USD/RUB,SPBFUT_CONT,long,7704.47712962623,131934.4088245049,1
RTSI,SPBFUT_CONT,short,6985.22088067378,117292.35980567252,1
Индекс госуд,SPBFUT_CONT,short,12002.293289094698,15414.880095558154,1
SMLT,TQBR,long,3366.574155883902,3904.0,1
Tracker Fund,SPBFUT_CONT,short,3986.2004199863477,21612.844859022087,1
AKRN,TQBR,short,7911.069354310026,18768.0,1
HEAD,TQBR,short,1809.5871247920632,2973.0,1
BELU,TQBR,long,3233.078618454416,5358.0,1
MAGN,SPBFUT_CONT,short,4143.40219568049,71076.94807128838,1
SBERP,SPBFUT_CONT,short,10012.708399015028,32131.995302104555,1
SBER,SPBFUT_CONT,long,6451.6156399241845,32891.65329715167,1
VKCO,SPBFUT_CONT,short,2507.1130848892863,9225.971646725431,1
RTGZ,TQBR,short,1857.6420666240986,30200.0,1
SNGSP,SPBFUT_CONT,long,4083.047958730375,65661.68709768064,1
Tracker Fund,SPBFUT_CONT,short,5619.122940320092,21302.63030616718,1
RUAL,SPBFUT_CONT,short,5281.619843857243,5825.4405295531815,1
MGNT,SPBFUT_CONT,long,5890.295571382148,9235.295760821058,1
FLOT,SPBFUT_CONT,long,2319.482711714544,19126.35684926813,1
MTSS,SPBFUT_CONT,short,7299.416690907994,27195.15181359187,1
MAGN,SPBFUT_CONT,short,7276.181417887473,71308.60946498696,1
ROSN,SPBFUT_CONT,long,6298.644195563727,86387.32337702178,1
SIBN,SPBFUT_CONT,long,3853.16309815738,10890.850200130186,1
SMLT,TQBR,short,3481.033779801327,3849.6,1
MOEX,SPBFUT_CONT,long,6427.625443892151,21075.37315909648,1
MAGN,SPBFUT_CONT,long,5602.843886451481,71994.1655661066,1
AFKS,SPBFUT_CONT,long,12808.431126653,25341.83866084532,1
MOEX,SPBFUT_CONT,short,8613.863876714187,21132.2965898268,1
iShares Core,SPBFUT_CONT,long,10802.572980296094,27548.386324141233,1
Nasdaq 100,SPBFUT_CONT,long,9003.92475806471,18551.291774718517,1
ALRS,SPBFUT_CONT,long,4587.582388775968,11941.873476150053,1
MGNT,SPBFUT_CONT,long,8607.886751660113,9604.26866437978,1
CBOM,SPBFUT_CONT,long,4397.968114285621,10608.136372037863,1
ROSN,SPBFUT_CONT,long,9203.992857634466,86974.59274056373,1
MAGN,SPBFUT_CONT,long,6063.159740095046,75471.78020872138,1
MTSS,SPBFUT_CONT,long,7185.672175118963,28751.972654103767,1
RTGZ,TQBR,long,2819.8415683912776,32200.0,1
CBOM,SPBFUT_CONT,long,3330.6201180251924,10623.38159796175,1
Tracker Fund,SPBFUT_CONT,short,4590.047370238706,20631.72978511193,1
RUAL,SPBFUT_CONT,short,5661.56990940667,5928.946413476392,1
IRAO,SPBFUT_CONT,short,10479.59775314806,53584.12170149743,1
Nasdaq 100,SPBFUT_CONT,long,9989.163556761398,18649.71304898,1
EUR/RUB,SPBFUT_CONT,short,14612.292084918807,121713.81934177088,1
MGNT,TQBR,long,6831.962851033943,6925.0,1
RTKM,SPBFUT_CONT,long,9591.199202611147,10232.20165478374,1
GAZP,SPBFUT_CONT,long,10675.648892692214,29373.68611901512,1
IRAO,SPBFUT_CONT,short,9915.777155369444,52863.870743669344,1
FEES,SPBFUT_CONT,long,5826.530701208035,19261.25487389591,1
ALRS,SPBFUT_CONT,short,6563.0317151548925,11765.052089371682,1
AFKS,SPBFUT_CONT,long,12055.608230958058,26220.815722417112,1
USD/RUB,SPBFUT_CONT,short,14192.622394843687,127627.89442595352,1
RTSI,SPBFUT_CONT,long,12012.60654016008,125298.58895374682,1
GAZP,SPBFUT_CONT,short,11658.461518405615,28930.703429785768,1
LKOH,SPBFUT_CONT,long,9799.784086549957,90532.69676545948,1
SNGSP,SPBFUT_CONT,long,7194.35849807206,63300.67827694925,1
RTGZ,TQBR,long,3078.158591438591,32000.0,1
Tracker Fund,SPBFUT_CONT,short,5721.900827572476,20363.36957668983,1
SIBN,SPBFUT_CONT,long,8056.210243762391,10940.72609935577,1
iShares Core,SPBFUT_CONT,long,7942.900534882111,30551.827415680036,1
VSMO,TQBR,long,5030.469950200346,41020.0,1
NLMK,SPBFUT_CONT,long,6029.0851127670885,27880.751550307483,1
SNGS,SPBFUT_CONT,long,5546.826156175298,48766.44001785345,1
HEAD,TQBR,long,1978.9032087724465,3659.0,1
FEES,SPBFUT_CONT,long,10761.06155504072,19659.380475359227,1
IRAO,SPBFUT_CONT,short,11356.42023574293,52807.780403590696,1
NLMK,SPBFUT_CONT,long,6283.960849355634,27871.102323527488,1
MOEX,SPBFUT_CONT,short,9776.117024104213,21065.885920641427,1
Tracker Fund,SPBFUT_CONT,long,8287.596358657105,20763.447869062227,1
RTKM,SPBFUT_CONT,long,2972.3811715800243,11464.290156793248,1
USD/RUB,SPBFUT_CONT,long,22158.638932069727,130768.587901218,1
ALRS,SPBFUT_CONT,short,4391.354484919519,11359.970366933963,1
RTKM,SPBFUT_CONT,long,2514.713298457394,11524.264835197944,1
MTSS,SPBFUT_CONT,long,5473.150667599206,29872.75665825203,1
Nasdaq 100,SPBFUT_CONT,long,8714.072942830528,19767.01819656207,1
CBOM,SPBFUT_CONT,long,4543.311192097134,10192.703965611949,1
FLOT,SPBFUT_CONT,short,4694.482157676108,17684.598812122167,1
ALRS,SPBFUT_CONT,short,6029.6751846071675,11583.40830113572,1
RTGZ,TQBR,short,1759.9296715652756,31000.0,1
CBOM,SPBFUT_CONT,short,5745.218592840231,10279.09357918064,1
iShares Core,SPBFUT_CONT,long,12781.566780551322,33262.31288801906,1
Tracker Fund,SPBFUT_CONT,long,7045.082972681248,21000.34182502414,1
EUR/RUB,SPBFUT_CONT,long,22788.305314536876,124822.45963909292,1
Индекс госуд,SPBFUT_CONT,short,14366.981959897923,15163.823482992831,1
Tracker Fund,SPBFUT_CONT,short,13251.659769599932,20798.57429765707,1
Индекс госуд,SPBFUT_CONT,short,5498.626058367483,15185.978419899804,1
AKRN,TQBR,long,12238.67963301542,18380.0,1
TATN,SPBFUT_CONT,short,6213.66838484052,97444.82615961772,1
ROSN,SPBFUT_CONT,long,9361.173192732838,87115.2308197937,1
SIBN,SPBFUT_CONT,short,6364.23120085253,10216.86710372452,1
FEES,SPBFUT_CONT,short,6240.43162218265,18439.41261776595,1
Nasdaq 100,SPBFUT_CONT,long,10409.281224854853,19933.331755810992,1
Tracker Fund,SPBFUT_CONT,long,11732.439484885861,20568.48852083497,1
LKOH,SPBFUT_CONT,long,8711.896780608515,93189.6037899248,1
AFKS,SPBFUT_CONT,long,7688.319850410815,29364.434978263085,1
MGNT,SPBFUT_CONT,long,6114.397908988996,10324.114241459529,1
ALRS,SPBFUT_CONT,long,6804.770884246152,12294.336811208866,1
ROSN,SPBFUT_CONT,short,8963.059867161399,82801.76512730484,1
WUSH,SPBFUT_CONT,long,3140.178953696256,4099.4888592680745,1
SNGS,SPBFUT_CONT,short,5882.272214199242,45444.69018502458,1
HYDR,SPBFUT_CONT,short,7728.658793015811,10266.461500650605,1
NLMK,SPBFUT_CONT,long,4458.3671750234535,30252.593823238945,1
MTSS,SPBFUT_CONT,long,8114.950962260515,30906.70419008897,1
LKOH,SPBFUT_CONT,short,9722.99757740701,89727.12532408444,1
TATN,SPBFUT_CONT,short,11628.373720752274,91696.7015306648,1
WUSH,SPBFUT_CONT,long,4047.4681410710277,4160.2783140857655,1
DZRD,TQBR,short,3412.8758882324714,5625.0,1
FEES,SPBFUT_CONT,short,14403.42458863977,17751.54042624881,1
SNGS,SPBFUT_CONT,long,8984.860031887703,47013.5499881999,1
IRAO,SPBFUT_CONT,long,16524.319263840833,51457.925145069144,1
VSMO,TQBR,long,6757.947932628308,36600.0,1
ALRS,SPBFUT_CONT,long,8194.243496283232,12578.963555054896,1
MAGN,SPBFUT_CONT,long,10905.997979316966,77245.9042344741,1
HEAD,TQBR,long,2966.5416857778996,4300.0,1
AFKS,SPBFUT_CONT,long,3202.0768142019406,35780.61728525978,1
FEES,SPBFUT_CONT,long,6598.459099030382,19050.36146743601,1
VSMO,TQBR,long,7972.216508308295,39240.0,1
MOEX,SPBFUT_CONT,long,11848.458473797878,24131.28676666143,1
HEAD,TQBR,long,2953.5180116540314,4480.0,1
IRAO,SPBFUT_CONT,long,13405.054831987309,52572.74031839834,1
ALRS,SPBFUT_CONT,long,8447.561214028148,12435.880921662028,1
FLOT,SPBFUT_CONT,short,9114.621425546868,17151.64927722714,1
DZRD,TQBR,short,3830.0407922307522,5725.0,1
RTSI,SPBFUT_CONT,long,20144.526567969246,128120.5290468312,1
MTSS,SPBFUT_CONT,long,10532.84459022676,32116.854303065666,1
AKRN,TQBR,short,2909.473790103945,17440.0,1
Золото в руб,SPBFUT_CONT,long,8115.31286043025,10780.799394060188,1
RTGZ,TQBR,long,1556.7761424292844,36600.0,1
AFKS,SPBFUT_CONT,long,4610.004629997193,35823.8045119167,1
MOEX,SPBFUT_CONT,long,9918.783304211227,24188.26478563552,1
RTSI,SPBFUT_CONT,long,16323.915478977036,128683.64670262774,1
TATN,SPBFUT_CONT,short,12421.300513280368,93843.2668217894,1
IRAO,SPBFUT_CONT,short,13973.965784682363,52364.351702282904,1
ROSN,SPBFUT_CONT,short,12775.314337478427,84937.17233564968,1
NLMK,SPBFUT_CONT,short,8812.05973545444,29262.564243393474,1
VSMO,TQBR,long,8845.463251657324,40100.0,1
RTSI,SPBFUT_CONT,long,14144.74754281447,129348.12553646768,1
FEES,SPBFUT_CONT,long,8228.79652373329,18477.874288689487,1
MAGN,SPBFUT_CONT,short,5755.564615322812,72545.91530709139,1
FLOT,SPBFUT_CONT,short,13301.128607727678,17395.61290797588,1
ALRS,SPBFUT_CONT,short,11713.642673014583,11826.62583753755,1
iShares Core,SPBFUT_CONT,short,13933.556413019345,32095.67413056736,1
RTSI,SPBFUT_CONT,long,21815.242825884416,130688.34555726346,1
GAZP,SPBFUT_CONT,short,10708.076011054134,27123.60090598211,1
Nasdaq 100,SPBFUT_CONT,long,11528.955174094526,19560.77692808909,1
SBER,SPBFUT_CONT,long,12598.876103114251,38498.85163661296,1
RTSI,SPBFUT_CONT,long,17757.292246125795,130530.67261364045,1
SMLT,SPBFUT_CONT,short,4251.318542399202,5518.261440451427,1
MOEX,SPBFUT_CONT,long,13470.673217183785,24319.752521729573,1
RTKM,SPBFUT_CONT,long,6682.475967405291,12808.464274487384,1
GAZP,SPBFUT_CONT,short,11810.351766896332,26005.25382365276,1
RUAL,SPBFUT_CONT,long,5270.282282955909,6931.876990073273,1
LKOH,SPBFUT_CONT,long,8683.593101492566,98681.2556822576,1
NLMK,SPBFUT_CONT,long,13993.40739289014,32249.24565745244,1
AFLT,SPBFUT_CONT,long,4607.280930632166,7925.4763846491005,1
ALRS,SPBFUT_CONT,long,7349.290311634591,12485.113655732692,1
ROSN,SPBFUT_CONT,long,11632.970784523846,85872.6569848447,1
DZRD,TQBR,short,2645.744910356318,5190.0,1
VKCO,SPBFUT_CONT,long,6420.285123330168,9100.31890033607,1
RTSI,SPBFUT_CONT,long,15603.78871271066,134393.65973240478,1
IMOEX,SPBFUT_CONT,short,15174.503636400934,544130.4852085543,1
IRAO,SPBFUT_CONT,short,10891.709123526358,52461.51449261894,1
AKRN,TQBR,short,9354.667617432187,16292.0,1
AFLT,SPBFUT_CONT,long,6137.154200944283,7825.659301719011,1
AKRN,TQBR,short,5430.175289104414,16200.0,1
MOEX,SPBFUT_CONT,long,8045.22928922396,24991.43570694337,1
ALRS,SPBFUT_CONT,long,4988.393646608989,12274.33601299266,1
SBER,SPBFUT_CONT,long,10416.082269000235,39571.80257939971,1
OZON,TQBR,long,4077.923215135431,4510.0,1
SIBN,SPBFUT_CONT,short,5417.798189376673,9113.902721937957,1
AFLT,SPBFUT_CONT,long,3354.9787488142106,7556.818625027303,1
MGNT,SPBFUT_CONT,short,7249.327235495472,10676.889862799975,1
VSMO,TQBR,short,2440.2992639099425,35020.0,1
LKOH,TQBR,short,6713.169389666627,7185.0,1
Nasdaq 100,SPBFUT_CONT,long,12605.078124330137,20528.979887448964,1
OZON,TQBR,long,3430.992106301844,4191.0,1
MOEX,SPBFUT_CONT,long,5022.582251488344,25157.986839329173,1
MGNT,SPBFUT_CONT,short,6029.57268947058,9210.157375611416,1
MGNT,TQBR,short,5650.257953463732,6669.5,1
GAZP,SPBFUT_CONT,short,7147.132519578833,20518.312282092476,1
NLMK,SPBFUT_CONT,short,4941.013433651615,26963.096099143448,1
Индекс госуд,SPBFUT_CONT,short,11451.75585293749,13379.761587837407,1
ALRS,SPBFUT_CONT,short,5039.441475446763,11111.130204011635,1
BSPB,TQBR,long,3027.4530135545842,368.74,10
OZON,TQBR,long,2871.3519806901236,4513.0,1
MOEX,TQBR,long,2119.471557435597,244.83,10
MOEX,SPBFUT_CONT,long,4360.011771169374,25680.281457997226,1
ALRS,SPBFUT_CONT,short,11001.757092441434,11384.774527487229,1
FLOT,SPBFUT_CONT,short,4524.425648258646,15380.988517933734,1
MDMG,TQBR,short,752.2925556727472,1000.0,1
ROSN,SPBFUT_CONT,short,9711.880396975639,80455.57416242345,1
TATN,SPBFUT_CONT,short,9222.506393189253,87681.9999303561,1
RTKM,SPBFUT_CONT,short,4120.0957860772505,11625.575692295748,1
FLOT,SPBFUT_CONT,short,3010.8386446153095,15305.163123334964,1
AFLT,SPBFUT_CONT,long,4785.948681879102,8020.746754666208,1
HYDR,SPBFUT_CONT,long,6867.898046295875,9276.827974759874,1
MGNT,TQBR,short,5707.3861598571275,6477.0,1
CBOM,SPBFUT_CONT,long,6584.694063238058,8413.844145549554,1
POSI,SPBFUT_CONT,long,4331.69403066146,4584.941801094614,1
ROSN,SPBFUT_CONT,short,7166.097632809601,78189.41845373742,1
SNGSP,SPBFUT_CONT,short,5224.67479501473,63879.833953244626,1
USD/RUB,SPBFUT_CONT,short,8131.714776298639,114330.96930121382,1
Nasdaq 100,SPBFUT_CONT,long,21165.91899780587,21684.93656556976,1
DZRD,TQBR,long,2160.0176192700296,4290.0,1
FEES,SPBFUT_CONT,short,7419.376717183311,15006.069909357366,1
LKOH,SPBFUT_CONT,short,12060.562084171801,88304.77302262808,1
CBOM,SPBFUT_CONT,long,5374.333929599289,9128.745935694287,1
LKOH,SPBFUT_CONT,short,10861.206151300856,88526.1472669242,1
EUR/RUB,SPBFUT_CONT,short,11484.738652275917,110089.25820980984,1
DZRD,TQBR,short,1658.4385664803704,4460.0,1
FEES,SPBFUT_CONT,short,11096.54223511307,14995.163344510009,1
DZRD,TQBR,long,1642.390899637054,4820.0,1
SNGS,SPBFUT_CONT,short,7852.813901333193,43387.912743562585,1
AFLT,SPBFUT_CONT,short,6389.191020407059,7830.957974359384,1
IRAO,SPBFUT_CONT,short,15207.742355432172,50913.0340879252,1
MTSS,SPBFUT_CONT,short,15568.263591753437,28919.475431067825,1
SNGSP,SPBFUT_CONT,short,8903.685692929283,68967.20861961147,1
GAZP,SPBFUT_CONT,short,5428.951310264753,20465.477733166612,1
Tracker Fund,SPBFUT_CONT,short,11438.728799149932,21962.73690114706,1
GAZP,SPBFUT_CONT,long,5752.163753738272,20481.29095966419,1
USD/RUB,SPBFUT_CONT,short,15260.220215769708,117066.2295343746,1
EUR/RUB,SPBFUT_CONT,long,13277.962554278047,114988.81067885716,1
MOEX,SPBFUT_CONT,long,7895.519068068067,25816.3289449821,1
AKRN,TQBR,short,10332.32857960192,15482.0,1
LKOH,SPBFUT_CONT,short,10236.220995718912,87462.84438075723,1
IRAO,SPBFUT_CONT,short,5673.449460693731,49856.97906035653,1
SBERP,SPBFUT_CONT,long,11085.59555752167,37697.7280291742,1
SBER,SPBFUT_CONT,long,9230.865803586621,38209.66464889005,1
RUAL,SPBFUT_CONT,short,5733.551041898425,6178.897297931417,1
MTSS,SPBFUT_CONT,short,5939.462283987086,26039.05380416268,1
GAZP,SPBFUT_CONT,short,7519.727715821261,19681.1416988867,1
MOEX,SPBFUT_CONT,short,8001.485770975932,24732.167575831332,1
AFKS,SPBFUT_CONT,short,6282.557891266162,29066.407469712867,1
LKOH,SPBFUT_CONT,short,7267.1920883978455,83949.11701384447,1
VSMO,TQBR,short,7998.72839597871,30100.0,1
VSMO,TQBR,short,8558.842794642736,29920.0,1
VSMO,TQBR,short,7294.781225355671,29880.0,1
MGNT,TQBR,short,4060.58497475589,5856.0,1
RTGZ,TQBR,short,4081.7721888454394,35000.0,1
MGNT,SPBFUT_CONT,short,7173.818269729625,7949.954330256215,1
TATN,SPBFUT_CONT,short,4852.376706313274,82407.42810156611,1
AFKS,SPBFUT_CONT,short,7285.493121582341,28660.554785205804,1
Tracker Fund,SPBFUT_CONT,short,17201.154720460843,21848.812543959288,1
SNGSP,SPBFUT_CONT,short,8434.119084049995,59057.52577066278,1
RTKM,SPBFUT_CONT,short,5919.21792152656,11012.399350507108,1
Nasdaq 100,SPBFUT_CONT,short,17540.97997609803,21420.44662388785,1
VSMO,TQBR,short,11454.343107664023,30260.0,1
CBOM,SPBFUT_CONT,short,7832.426839621125,7931.514572391007,1
ALRS,SPBFUT_CONT,short,9000.493952011811,9546.8212104533,1
AKRN,TQBR,short,4508.808137549548,15154.0,1
SBER,SPBFUT_CONT,short,12632.299232823929,38304.36178882352,1
AKRN,TQBR,short,3142.082898360807,14996.0,1
AFLT,SPBFUT_CONT,short,6053.331059715587,6705.870237507814,1
USD/RUB,SPBFUT_CONT,short,24481.138702361888,114274.1224234826,1
iShares Core,SPBFUT_CONT,short,6763.1327173383,32687.798694874316,1
FEES,SPBFUT_CONT,short,10887.606281202381,13859.517279778958,1
USD/RUB,SPBFUT_CONT,short,20597.821012474276,113747.95829936562,1
FEES,SPBFUT_CONT,short,7927.786804048936,13785.897967059298,1
AKRN,TQBR,short,8114.047189024392,15062.0,1
Nasdaq 100,SPBFUT_CONT,short,7335.658670802393,19862.6548449205,1
Tracker Fund,SPBFUT_CONT,short,12454.231529684044,20634.402385895864,1
RTGZ,TQBR,short,4677.445598701718,37000.0,1
Tracker Fund,SPBFUT_CONT,short,12802.24936303099,20727.18614071889,1
iShares Core,SPBFUT_CONT,short,5846.980149852655,29041.623862810207,1
HEAD,TQBR,short,3756.676412424467,3808.0,1
MAGN,SPBFUT_CONT,short,9757.731625432085,64005.31027094194,1
MAGN,SPBFUT_CONT,short,12965.866057504883,64327.60578269942,1
ALRS,SPBFUT_CONT,short,6732.58273545381,8949.779050142915,1
TATN,SPBFUT_CONT,short,9936.847356707756,76439.09494282467,1
HYDR,SPBFUT_CONT,short,8445.945786784048,8485.446397902548,1
SNGSP,SPBFUT_CONT,short,5752.804213875623,59352.308227966285,1
VSMO,TQBR,short,7154.417025215788,28820.0,1
AKRN,TQBR,short,7605.911977879389,15070.0,1
VSMO,TQBR,short,6428.976388772506,28800.0,1
FEES,SPBFUT_CONT,short,7301.664593277508,13923.59334825718,1
AKRN,TQBR,short,4398.761460076307,15050.0,1
iShares Core,SPBFUT_CONT,long,13435.006871118003,31942.86329629411,1
VSMO,TQBR,short,7397.296424657611,29080.0,1
FLOT,SPBFUT_CONT,short,11030.454423561672,13218.037007599303,1
SBERP,SPBFUT_CONT,short,11865.144247798202,33888.1045597011,1
SIBN,SPBFUT_CONT,short,6875.054418159022,7901.723919021615,1
USD/RUB,SPBFUT_CONT,long,18828.314423627795,117409.95484158667,1
TATN,SPBFUT_CONT,short,10759.844919811563,75240.21579303381,1
EUR/RUB,SPBFUT_CONT,long,20303.96457242231,117296.31860473538,1
DIAS,TQBR,short,3453.577874736763,4584.5,1
SIBN,SPBFUT_CONT,long,5842.769791926358,7860.135898395186,1
FLOT,SPBFUT_CONT,short,7798.988230229529,12549.745394186408,1
AFKS,SPBFUT_CONT,short,7160.055614961755,24042.502879940985,1
FEES,SPBFUT_CONT,short,10720.512178697143,13075.60793137517,1
SNGS,SPBFUT_CONT,short,9568.567238862053,35686.03578951513,1
FLOT,SPBFUT_CONT,short,10479.087435152176,12511.190108797202,1
TATN,SPBFUT_CONT,short,12874.991345612054,75716.78887121154,1
AFLT,SPBFUT_CONT,short,5244.506113671621,6070.76007072942,1
MGNT,SPBFUT_CONT,short,5306.466072780028,6596.114006335789,1
ROSN,SPBFUT_CONT,short,10568.550527332638,68169.28966719657,1
AKRN,TQBR,short,10080.402296353172,14858.0,1
AKRN,TQBR,short,9594.476338437204,14894.0,1
PHOR,TQBR,short,4807.383910929226,4868.0,1
IRAO,SPBFUT_CONT,short,11140.556052387285,45299.79101197785,1
USD/RUB,SPBFUT_CONT,long,33479.94917494303,115873.3587984357,1
DIAS,TQBR,long,4138.896373988405,5400.0,1
iShares Core,SPBFUT_CONT,long,7048.371485786246,33638.424090747634,1
Nasdaq 100,SPBFUT_CONT,long,17139.397626311355,21722.616935113696,1
Tracker Fund,SPBFUT_CONT,long,8277.3612595682,22337.180452478544,1
IMOEX,SPBFUT_CONT,long,12269.846261273035,440636.09813577455,1
ROSN,SPBFUT_CONT,long,17382.565000187737,72969.34375241902,1
VSMO,TQBR,long,12895.51670700562,27260.0,1
SNGS,SPBFUT_CONT,long,9365.555688166432,35712.687022476566,1
MOEX,SPBFUT_CONT,long,12963.304401047195,22764.11013256996,1
GAZP,SPBFUT_CONT,long,7410.185724519772,21763.925490447793,1
AFKS,SPBFUT_CONT,short,6673.8828481394485,21638.287469997173,1
AKRN,TQBR,long,4138.161828175095,16094.0,1
SNGS,SPBFUT_CONT,long,6550.637445409019,35466.99447641968,1
ROSN,SPBFUT_CONT,short,11084.451447310435,69639.61207399162,1
ROSN,SPBFUT_CONT,short,14140.987809166074,70034.50562520488,1
RTSI,SPBFUT_CONT,short,15323.304920040624,105750.0123200181,1
FLOT,SPBFUT_CONT,long,10723.567644652705,12834.79286883059,1
EUR/RUB,SPBFUT_CONT,long,35359.54543213932,123541.2521340604,1
SNGSP,SPBFUT_CONT,long,16837.21550728492,65269.67666382059,1
FLOT,SPBFUT_CONT,short,7024.9855545783,12193.17661313054,1
IRAO,SPBFUT_CONT,short,9909.787516615948,45257.87835419541,1
MOEX,SPBFUT_CONT,short,8476.023526498358,20609.129010176297,1
SNGSP,SPBFUT_CONT,long,11081.585699036632,64600.490042556,1
DIAS,TQBR,short,4125.060708968196,4720.0,1
SNGSP,SPBFUT_CONT,short,10726.792663325004,64012.38234639344,1
AFKS,SPBFUT_CONT,short,7065.626764001345,16994.72382064941,1
IMOEX,SPBFUT_CONT,short,14760.157622148594,403042.297234877,1
AFKS,SPBFUT_CONT,short,5585.402661341265,15859.516335576562,1
EUR/RUB,SPBFUT_CONT,long,41623.41390404234,127587.5442768242,1
AFKS,SPBFUT_CONT,short,7236.57823967079,16617.177439867264,1
GAZP,SPBFUT_CONT,long,11648.486786440295,20778.103081472807,1
SNGSP,SPBFUT_CONT,long,14896.681565134892,65753.86630104958,1
RTGZ,TQBR,long,3514.8030685875747,48600.0,1
Tracker Fund,SPBFUT_CONT,short,11548.632671526891,24968.982175635585,1
VSMO,TQBR,long,11321.409024301422,25080.0,1
RTKM,SPBFUT_CONT,short,8069.2396841099235,8671.142121828212,1
SBER,SPBFUT_CONT,short,13969.665687085522,31215.15526817535,1
GAZP,SPBFUT_CONT,short,8575.438716110199,20266.992078665775,1
MTSS,SPBFUT_CONT,short,14970.645410470377,20298.301182225863,1
SBERP,SPBFUT_CONT,short,12167.462157458023,30191.073437457373,1
SBER,SPBFUT_CONT,short,12154.100056524867,30397.72930326601,1
IMOEX,SPBFUT_CONT,short,10975.691739486809,417742.92813706095,1
AKRN,TQBR,long,5042.039578214719,16952.0,1
Nasdaq 100,SPBFUT_CONT,long,20190.80723796158,22379.990511277436,1
EUR/RUB,SPBFUT_CONT,long,42193.93128623824,127095.4439240468,1
SNGSP,SPBFUT_CONT,long,13277.3552300265,68247.89971545548,1
Nasdaq 100,SPBFUT_CONT,long,15877.91863226095,22335.51474127296,1
FLOT,SPBFUT_CONT,short,5578.5530746340355,11140.6791782995,1
GAZP,SPBFUT_CONT,short,6201.695518540898,18713.94262206518,1
SNGSP,SPBFUT_CONT,long,13061.62973609725,68096.01947547564,1
ROSN,SPBFUT_CONT,long,10071.715830162353,63135.95705707131,1
USD/RUB,SPBFUT_CONT,long,8707.97061998165,140636.84151648454,1
Золото в руб,SPBFUT_CONT,long,9748.234342229198,12363.41090736254,1
AFKS,SPBFUT_CONT,short,5276.2853898349185,15747.793426977763,1
SNGSP,SPBFUT_CONT,short,11420.1537793914,67768.2779049928,1
iShares Core,SPBFUT_CONT,short,27054.61093356744,35143.98244001762,1
MAGN,SPBFUT_CONT,short,12754.71797096871,42916.337452249456,1
FLOT,SPBFUT_CONT,short,6943.719102085,10702.652696042736,1
RTSI,SPBFUT_CONT,short,6974.373250114424,79553.92227840495,1
USD/RUB,SPBFUT_CONT,long,13933.186538139535,139225.97752891164,1
AKRN,TQBR,long,8926.859992684593,17178.0,1
RTGZ,TQBR,long,10163.502266094087,44000.0,1
USD/RUB,SPBFUT_CONT,long,16959.920734394465,136526.1758917746,1
RTSI,SPBFUT_CONT,short,17686.12999788811,83888.8178274251,1
AKRN,TQBR,long,14768.80298018932,17186.0,1
VSMO,TQBR,short,14252.217763610035,21400.0,1
TATN,SPBFUT_CONT,short,14609.77463157112,68821.04458219782,1
AKRN,TQBR,long,11628.228186952387,17108.0,1
GAZP,SPBFUT_CONT,short,9219.715352056166,16531.24080960296,1
LKOH,SPBFUT_CONT,short,15837.153795267775,74089.6043593275,1
IMOEX,SPBFUT_CONT,short,17733.249466183624,361788.54203528696,1
TATN,SPBFUT_CONT,short,12690.212667820453,69623.18517479992,1
SBER,SPBFUT_CONT,long,16093.104173230833,27260.00539624952,1
SNGSP,SPBFUT_CONT,long,11642.915695203856,66682.79248768525,1
EUR/RUB,SPBFUT_CONT,long,25470.142016047677,137243.43407945073,1
MOEX,SPBFUT_CONT,short,14104.814530007036,18980.27915944912,1
VSMO,TQBR,long,15327.708038132123,22500.0,1
SNGS,SPBFUT_CONT,long,11910.784278292105,32798.88009322452,1
VSMO,TQBR,long,15626.757953792352,22540.0,1
VSMO,TQBR,long,14451.899871343086,22560.0,1
MOEX,SPBFUT_CONT,long,19783.183789119204,19803.964330599156,1
iShares Core,SPBFUT_CONT,long,20324.885883487328,38069.85378273117,1
SNGS,SPBFUT_CONT,long,21275.589570178858,33067.72337267718,1
NLMK,SPBFUT_CONT,long,15415.676816715604,18680.23920828644,1
MAGN,SPBFUT_CONT,long,18654.014994018595,49110.25348107038,1
iShares Core,SPBFUT_CONT,long,17689.45306630325,37486.51350580127,1
MAGN,SPBFUT_CONT,long,17533.443283767876,48651.46209432363,1
Tracker Fund,SPBFUT_CONT,short,21453.117905593586,22954.28559354648,1
EUR/RUB,SPBFUT_CONT,long,36571.32937645896,133603.94079240825,1
ROSN,SPBFUT_CONT,long,16880.160756653742,80283.6912993514,1
AFKS,SPBFUT_CONT,long,12115.191912208727,19234.12945714528,1
GAZP,SPBFUT_CONT,long,10835.984119375298,19117.06815484295,1
SIBN,SPBFUT_CONT,long,5269.355415583921,7160.424222505305,1
FLOT,SPBFUT_CONT,short,7482.690385935794,11363.293240053834,1
RTGZ,TQBR,long,6773.428978653628,46800.0,1
LKOH,SPBFUT_CONT,long,26550.95788432413,81360.33792145553,1
ROSN,SPBFUT_CONT,long,9598.380560105114,77633.31116094257,1
TATN,SPBFUT_CONT,long,15080.28085870238,82572.87625507201,1
MAGN,SPBFUT_CONT,long,17827.921983734577,48666.143418699525,1
AFKS,SPBFUT_CONT,long,13448.767556325905,20175.521676840697,1
IRAO,SPBFUT_CONT,short,37406.932348753035,44397.34990017206,1
EUR/RUB,SPBFUT_CONT,long,35236.11844649026,134563.99897364248,1
VSMO,TQBR,long,13055.2529070937,29340.0,1
LKOH,SPBFUT_CONT,long,37147.96475984251,83322.05371449205,1
IRAO,SPBFUT_CONT,short,23153.4509919373,44404.16227005164,1
IMOEX,SPBFUT_CONT,long,23556.924675034363,432477.97971314687,1
AKRN,TQBR,short,11677.465914994225,17668.0,1
MAGN,SPBFUT_CONT,short,24020.66736796169,45328.589010579155,1
