seed,return_pct,cagr_pct,sharpe,max_dd_pct,pct_profitable_missed_to_margin,avg_margin_util_pct,risk_per_trade,margin_cap,block
0,296.0963372393662,78.58365104943721,1.4939944713609026,32.780448156052664,49.382171226831424,65.05485838687514,0.005,0.8,in_sample
1,469.8795948944369,108.15963442077762,1.86150529745606,26.231256691247395,48.05825242718447,64.84792719409614,0.005,0.8,in_sample
2,275.22954917072997,74.55810253053372,1.435818643051683,33.40173744656273,49.60282436010591,65.16852838173472,0.005,0.8,in_sample
3,423.5557865434953,100.85604944094233,1.808948986451905,24.902974217559695,49.16151809355693,64.9310477495889,0.005,0.8,in_sample
4,515.6628044503415,115.04760110111043,1.9012304762657908,29.689870518424737,48.190644307149164,64.81618507044878,0.005,0.8,in_sample
5,446.29834450558656,104.48651142197703,1.7598345534379052,26.969826458641727,47.837599293909975,64.84787628962084,0.005,0.8,in_sample
6,135.02469235100332,43.33187924396875,0.9587879360554968,43.03560087363615,49.9558693733451,64.90719787545537,0.005,0.8,in_sample
7,369.7327370794782,91.88344323346729,1.6394893035776759,27.79621592654184,49.29390997352162,64.78514808893433,0.005,0.8,in_sample
8,92.97426552394994,31.90925418629671,0.7848948989004609,41.05216978599949,49.86760812003531,64.97546154048118,0.005,0.8,in_sample
9,160.25671827089334,49.62378891228396,1.0758877347052327,40.36187933008973,49.382171226831424,64.92163476030083,0.005,0.8,in_sample
10,200.52140148307035,58.97157723933919,1.2018620859104643,43.46137302459411,49.9558693733451,65.13197915550603,0.005,0.8,in_sample
11,390.1418646447232,95.35249324933841,1.696080519595674,27.91274671651125,48.89673433362754,64.82315464856899,0.005,0.8,in_sample
12,191.3678307347365,56.913419246187246,1.1665902627195017,31.281370073280108,49.29390997352162,64.65307653494853,0.005,0.8,in_sample
13,230.88934939698927,65.55111456040439,1.3363199032874913,37.85633113120042,49.382171226831424,64.92355671858287,0.005,0.8,in_sample
14,315.4609137678791,82.2109876078543,1.5097082915448912,35.98743988790125,48.852603706972644,64.9029244642927,0.005,0.8,in_sample
15,35.64338955638118,13.704311566143756,0.4504637127973947,49.97429518213081,50.75022065313327,65.04045864454382,0.005,0.8,in_sample
16,142.12155768702002,45.13953322302689,1.0124928390434296,40.238698711993145,50.66195939982347,64.92389127222292,0.005,0.8,in_sample
17,363.43475330718036,90.79538304251598,1.6492542499552914,30.70551896282755,48.499558693733455,64.96638612204177,0.005,0.8,in_sample
18,108.27752953962269,36.219024522683775,0.853592089699284,51.60035531062287,50.220653133274496,65.04275308276436,0.005,0.8,in_sample
19,450.94254827458514,105.21706537915496,1.7739321457961872,34.292254264106596,48.499558693733455,65.05064552334123,0.005,0.8,in_sample
20,177.66855787437962,53.76201191277297,1.126483666027849,48.17672619814087,49.33804060017653,64.72456081623145,0.005,0.8,in_sample
21,193.3483526313743,57.361872589167874,1.192354739255111,38.08487441571572,49.382171226831424,64.69307882430606,0.005,0.8,in_sample
22,298.79228424588405,79.09470909933563,1.486300349419243,35.25448656204652,48.98499558693734,64.8213282299032,0.005,0.8,in_sample
23,288.36719168865443,77.10721673503546,1.4774412215023605,28.988244225062143,49.11738746690203,64.72230969451678,0.005,0.8,in_sample
24,161.9777130860351,50.03981491737508,1.088412028877726,42.393920512115926,50.26478375992939,65.13236015285364,0.005,0.8,in_sample
25,136.46316686768068,43.7008018276398,0.9776230561997741,46.420367529522,49.07325684024713,64.8687432144769,0.005,0.8,in_sample
26,260.9397068942683,71.72606895114826,1.4313792755818495,33.38259765997341,49.69108561341571,64.74557280718113,0.005,0.8,in_sample
27,283.90458670157665,76.24700834571256,1.448893980784312,36.5306763118854,49.69108561341571,64.96146838889003,0.005,0.8,in_sample
28,107.89655642244323,36.11399997175371,0.856161691759567,49.8479208763624,49.735216240070606,65.08077326021024,0.005,0.8,in_sample
29,314.78280866462336,82.0856395038996,1.5062475986112371,35.7001254167569,49.16151809355693,65.035450191543,0.005,0.8,in_sample
0,134.7227516318505,189.6871900665668,2.1809894386894735,18.712795479062,64.64577656675749,69.22274217113895,0.005,0.8,validation
1,155.67348251296656,222.26689149377736,2.2474465628543543,19.198487718537606,63.96457765667575,69.09385181586447,0.005,0.8,validation
2,158.51662436788922,226.74036134564807,2.4148820767645893,20.313482093882378,62.46594005449592,68.90774077118867,0.005,0.8,validation
3,85.84470378164522,116.53052803851902,1.6650510202831692,27.2847564107994,63.079019073569484,68.92227442082289,0.005,0.8,validation
4,96.06488194084764,131.47378526779457,1.7418837867868822,26.251160735723992,64.30517711171662,68.88112636243544,0.005,0.8,validation
5,154.75240691748434,220.82027049729783,2.3920436450160456,22.653633516706556,64.10081743869209,69.24121012999585,0.005,0.8,validation
6,128.02460476715294,179.41863000390418,1.990511249033999,25.06465436492247,62.26158038147139,69.0004433259232,0.005,0.8,validation
7,156.39427418167483,223.39984786991587,2.244514566337302,21.717620571036722,61.64850136239782,68.93731134451939,0.005,0.8,validation
8,130.45519848424112,183.13635696686177,2.1009977475159345,18.551137731564246,64.3732970027248,69.3989160431142,0.005,0.8,validation
9,146.99787420108373,208.69263612406814,2.287446895345699,23.86948727503027,62.94277929155313,68.93389838320776,0.005,0.8,validation
10,110.36860363426003,152.71081672206512,2.041022402879193,24.345953946001824,62.874659400544964,68.81035753544451,0.005,0.8,validation
11,132.8396158424006,186.79286253269237,2.3237346198791626,21.85138468113392,64.91825613079018,69.05771692494905,0.005,0.8,validation
12,88.70325489071543,120.6901818234846,1.7801013873489895,25.303328520966613,63.01089918256131,69.3864447076049,0.005,0.8,validation
13,132.66591962200502,186.52618619431243,2.22000765695611,22.13364447684214,61.98910081743869,69.0995958117217,0.005,0.8,validation
14,126.58466100896094,177.2207550616479,2.0064402348685544,19.298936114139526,61.171662125340596,68.58941114397281,0.005,0.8,validation
15,118.8206035863657,165.42972305435177,1.8975988063790468,23.510588069527707,62.60217983651226,68.85647640909805,0.005,0.8,validation
16,122.23804778166726,170.6071928709665,2.0660080201480633,21.98693522408305,62.19346049046322,68.71181600980269,0.005,0.8,validation
17,84.52163476689343,114.61056886554908,1.6216611384833657,23.805184089818518,62.73841961852861,68.88328694034104,0.005,0.8,validation
18,165.42916333649998,237.6671979627806,2.3372165746210896,20.357902498952672,61.03542234332425,68.86435458318361,0.005,0.8,validation
19,152.89991920443512,217.91470153768967,2.291755457028123,26.395816673305404,61.920980926430516,69.14284454340776,0.005,0.8,validation
20,98.25869916886751,134.70690730738104,1.767919525221499,26.42473187372666,63.48773841961853,69.30308083342683,0.005,0.8,validation
21,113.4357122017117,157.3120240615146,2.0426237356861203,22.53479037038711,61.85286103542234,69.16913461152855,0.005,0.8,validation
22,68.53467486558755,91.68489924689311,1.54431348409085,23.781135517600653,66.89373297002726,69.59986273172028,0.005,0.8,validation
23,78.85408189415466,106.42476530903902,1.6428917515912762,21.14098820376798,64.30517711171662,68.97755442870996,0.005,0.8,validation
24,108.30795396175623,149.62873919685288,1.9310013108396515,24.530952402865132,64.64577656675749,68.98052990437057,0.005,0.8,validation
25,124.43217401773849,173.94170392830836,2.0797671202847337,22.38588138774306,62.26158038147139,68.91010302674056,0.005,0.8,validation
26,123.210581266378,172.08419829724625,2.1857169566807073,24.453223879799637,63.079019073569484,68.91824199266657,0.005,0.8,validation
27,101.40492497052405,139.35903532004227,1.8171552380711975,26.52042926110834,63.828337874659404,68.93504158501086,0.005,0.8,validation
28,122.12046338231133,170.42872300529433,2.0890103073199464,18.725421482340856,63.28337874659401,68.73670901002356,0.005,0.8,validation
29,176.5900120837395,255.4574673788535,2.6045022048778748,20.698007149736274,63.28337874659401,68.73477705272697,0.005,0.8,validation
0,128.17049579130065,189.98972175698566,1.9498974080600857,27.300548888435326,69.05167518455423,70.13493282707981,0.005,0.8,holdout
1,94.08557380764455,135.33931012934696,1.6271320153464253,28.638775044845215,68.59738784781374,70.18616527856018,0.005,0.8,holdout
2,187.8363192007014,291.37208884069145,2.447412045891667,25.624715774671795,68.71095968199886,70.67956884313095,0.005,0.8,holdout
3,230.8129788405956,368.37310941509713,2.6534140916201894,17.63898959552737,68.71095968199886,70.67817629489123,0.005,0.8,holdout
4,280.82185125787464,461.6950065136307,2.8864174795729154,13.83990737767187,66.49630891538898,70.06240307899739,0.005,0.8,holdout
5,145.7727327135029,219.1808793511593,2.1451492782787955,27.13621283950357,67.80238500851789,70.32042941075196,0.005,0.8,holdout
6,145.2671261460575,218.3336719343474,2.1198840833199504,21.35260875037265,67.97274275979557,70.42210165173638,0.005,0.8,holdout
7,146.61057735193813,220.5859086229522,2.0196689912857697,18.809494054840755,68.71095968199886,70.46634684131011,0.005,0.8,holdout
8,164.17015814849148,250.34698260068495,2.179755082640029,27.793905383515266,69.05167518455423,70.53351914554769,0.005,0.8,holdout
9,211.48031676467144,333.35052466219304,2.6373463041724756,18.185843839786884,67.57524134014764,69.9223441757467,0.005,0.8,holdout
10,160.26521416182567,243.67744029687105,2.183465149593557,29.080726877931067,68.82453151618398,70.76338562034583,0.005,0.8,holdout
11,162.11808910279598,246.83850297709978,2.171387323922697,31.078919143987306,67.68881317433276,70.11504947018209,0.005,0.8,holdout
12,71.56009710421615,100.69941391517459,1.34805969813784,28.82625802811505,67.91595684270301,70.20836971411634,0.005,0.8,holdout
13,151.9865017293005,229.63398501462868,2.13483082430295,26.75268531475419,69.1084611016468,70.68781275073782,0.005,0.8,holdout
14,195.3335848384655,304.57840568920443,2.562391873913841,19.02109017640146,67.97274275979557,70.45228309817053,0.005,0.8,holdout
15,159.1767104218009,241.8234633735386,2.1646816071451953,25.05272947392744,68.82453151618398,70.25644351158562,0.005,0.8,holdout
16,102.66646039319593,148.85350085430252,1.6621080137237894,23.56053476853735,68.14310051107326,70.32517558424243,0.005,0.8,holdout
17,187.99582002503615,291.65201658523034,2.4055333775211603,19.67424152523598,67.68881317433276,70.5512294705006,0.005,0.8,holdout
18,167.2567462272557,255.6391287869463,2.3201817396170843,18.94441906259724,68.54060193072118,70.57705402943331,0.005,0.8,holdout
19,131.12598353449707,194.84674621319766,2.1033712039528676,20.922411695423143,68.14310051107326,69.91419207422243,0.005,0.8,holdout
20,129.27724254166657,191.80641176019364,1.8674238814907604,28.41852910221696,68.37024417944349,70.40930469341042,0.005,0.8,holdout
21,96.30091908405365,138.81198615084628,1.6322376419927285,30.3218700755421,69.84667802385009,70.6750667594227,0.005,0.8,holdout
22,176.45373093590652,271.51286559844976,2.4049189251997305,25.961902039562375,68.71095968199886,70.43981679958742,0.005,0.8,holdout
23,146.5500577006043,220.48437323173542,2.1066133602173003,26.933534015972217,67.12095400340715,70.11420682108178,0.005,0.8,holdout
24,103.50609459933492,150.18492648868636,1.6415373488884126,33.44923286418645,69.05167518455423,70.12486177837751,0.005,0.8,holdout
25,116.74992207852438,171.394304736481,1.8232542108504672,27.41913255082799,68.25667234525838,70.38497203554111,0.005,0.8,holdout
26,83.3450432019325,118.66772354581703,1.485794873555421,30.186761590873633,67.85917092561044,70.15219731587183,0.005,0.8,holdout
27,194.17151964780817,302.5249964358038,2.3954893868498015,29.051606294268943,68.37024417944349,70.29771866197842,0.005,0.8,holdout
28,61.124198607847255,85.08411928264638,1.3080349392129897,33.46538556886408,68.88131743327655,70.19859399630386,0.005,0.8,holdout
29,117.14934083309272,172.0399444765174,1.7634428008525256,23.332211960331673,66.95059625212947,69.94304247762203,0.005,0.8,holdout
0,22.949554852459887,9.09383247838953,0.3436560184135397,62.91547174058438,73.74227714033539,67.40512751107343,0.01,0.8,in_sample
1,-50.15055739698181,-25.41864828643211,-0.32340998862032283,72.51796317434234,74.40423654015888,67.46182371540492,0.01,0.8,in_sample
2,-61.04831740778365,-32.780268453979424,-0.4876142777416624,82.75220385787253,73.6981465136805,66.94693358766942,0.01,0.8,in_sample
3,35.296433832926624,13.581696105132469,0.41948486146518205,46.04343951922502,73.6098852603707,67.25008203866555,0.01,0.8,in_sample
4,-47.01775020483263,-23.478834388721147,-0.24235184639232685,76.871099408236,73.3451015004413,67.28291517836999,0.01,0.8,in_sample
5,-44.482722484951424,-21.957239115376304,-0.28309175336617454,70.06862084233397,72.46248896734335,66.9739426944233,0.01,0.8,in_sample
6,-76.60524795322246,-45.77219264445217,-0.9012237796177127,86.5139385874223,73.16857899382171,66.85377600563058,0.01,0.8,in_sample
7,-14.305716395127488,-6.296904559688199,0.08081127749414369,71.45850126470485,74.66902030008826,67.85918465226507,0.01,0.8,in_sample
8,44.758316237208604,16.862708549343974,0.47154635831780384,57.18230022473839,73.21270962047662,67.20292523478916,0.01,0.8,in_sample
9,79.40643299746183,27.91955730534672,0.6315525163994086,56.16676928714238,73.2568402471315,67.4269150773024,0.01,0.8,in_sample
10,-17.374988460999795,-7.725707553304895,0.02373758149998965,66.6253246105582,73.5657546337158,67.54552246223105,0.01,0.8,in_sample
11,1.6612144356926706,0.6965019370521075,0.20061922309209115,56.17304032086532,75.11032656663724,67.75517606006353,0.01,0.8,in_sample
12,-61.6636741036444,-33.229702502153266,-0.5131001903939706,80.27608806128195,74.22771403353927,67.21940501411218,0.01,0.8,in_sample
13,7.47460949122376,3.083355748177685,0.24402419538907733,57.40457027531781,72.81553398058253,66.98809214326877,0.01,0.8,in_sample
14,-57.75188598723163,-30.439930552771887,-0.43253223164356586,85.04090941050626,73.74227714033539,67.31468384147186,0.01,0.8,in_sample
15,-74.4172536806987,-43.690740323831676,-0.8137623185550011,87.24926231071055,74.62488967343336,67.42322762865203,0.01,0.8,in_sample
16,-60.03699674516989,-32.050475516656576,-0.524233141561135,71.83392069112917,74.88967343336276,67.72853920732537,0.01,0.8,in_sample
17,19.164236302695436,7.6660500026518585,0.32073060472725307,63.483215735263855,73.477493380406,67.33575007571883,0.01,0.8,in_sample
18,-68.93670094027462,-38.89258405784105,-0.6311351404497055,84.73786310277153,74.31597528684908,67.3762379119733,0.01,0.8,in_sample
19,-52.93963920809841,-27.20591120085726,-0.4099119519645652,76.12039843007588,74.00706090026479,67.47605873404831,0.01,0.8,in_sample
20,-28.342937472949316,-13.099260566199188,-0.06868777295623782,70.95287644178677,74.27184466019418,67.38964357725584,0.01,0.8,in_sample
21,-75.92697336020011,-45.11532705733603,-0.9585063167531467,88.87261107602197,74.71315092674315,67.31374961290857,0.01,0.8,in_sample
22,-67.39875068678838,-37.63582419597194,-0.6970320854890129,82.66603247431212,74.05119152691968,67.39296387295362,0.01,0.8,in_sample
23,158.1423260866233,49.11047917314173,0.918545210026113,61.124886425463465,72.63901147396294,67.2134763697664,0.01,0.8,in_sample
24,-51.455716917251884,-26.247598134560157,-0.3560738619427343,72.99773788997896,72.94792586054723,66.96493154767045,0.01,0.8,in_sample
25,-2.0759600130298317,-0.8798726641036425,0.17539495091366328,65.04109356995322,74.13945278022948,67.22439024162571,0.01,0.8,in_sample
26,-73.28400859993936,-42.65308597013197,-0.8143123848880951,85.38142402037052,73.96293027360989,67.23874334939663,0.01,0.8,in_sample
27,-66.90489254654204,-37.23956301181798,-0.620778002016404,83.67088744994867,73.477493380406,67.26775032489742,0.01,0.8,in_sample
28,2.7363051741609246,1.1437533357769203,0.2083069904723832,59.74627587235838,73.5657546337158,67.24471703136086,0.01,0.8,in_sample
29,23.478845894790744,9.291437876669706,0.34807984429624084,62.197573733246756,73.30097087378641,67.24969315369256,0.01,0.8,in_sample
0,64.32779129859586,85.73876666463376,1.1236163995880604,29.868215649805936,82.28882833787466,69.70094831664716,0.01,0.8,validation
1,170.55029338516877,245.80778200576526,1.890025114298804,34.30654562908919,81.06267029972753,69.6771298185692,0.01,0.8,validation
2,96.62362104369046,132.2963803877518,1.5275433294061243,34.28328593264279,80.92643051771117,69.20038339461176,0.01,0.8,validation
3,91.67157712413314,125.02604367198047,1.3310733775324495,42.45301662393154,81.74386920980926,70.0416332473107,0.01,0.8,validation
4,7.488640731393126,9.419864898345187,0.35694419175985825,34.10548423448075,83.37874659400545,69.55387197065855,0.01,0.8,validation
5,6.580615898750919,8.26879844022448,0.34832257348996154,41.86363163816185,82.35694822888283,69.69688545232516,0.01,0.8,validation
6,18.69591294159647,23.819960020004505,0.5393894510064097,43.77635807546525,82.69754768392372,69.93683531691333,0.01,0.8,validation
7,6.071841069346684,7.624900072706375,0.333560741950019,46.31456642784905,82.83378746594006,69.79454860714627,0.01,0.8,validation
8,3.749368901521355,4.695320715744411,0.3051489759714248,42.97432350165335,82.83378746594006,69.69202555563002,0.01,0.8,validation
9,89.05497358253993,121.2030685017539,1.3690986248751496,35.87389576560096,81.47138964577657,69.41267389016411,0.01,0.8,validation
10,82.54275698497118,111.74527474123809,1.3116276634431934,36.07380358153689,81.19891008174388,69.41856925159452,0.01,0.8,validation
11,28.58781319958257,36.81290600146312,0.690271867046091,40.46785160967513,82.83378746594006,69.54356525978629,0.01,0.8,validation
12,126.32181768643989,176.81993204562508,1.6664855467509472,34.5667855341414,81.33514986376021,69.55656239367467,0.01,0.8,validation
13,52.945995015026526,69.84110769105705,1.0427894670044384,32.994052338691965,81.94822888283379,69.49221252337597,0.01,0.8,validation
14,45.58227593159601,59.70883671167331,0.9209881831194855,28.887316695898956,82.28882833787466,69.14972771246582,0.01,0.8,validation
15,28.61020004117092,36.84259885999535,0.7123796237883551,38.12238523156941,82.62942779291554,69.6997593563659,0.01,0.8,validation
16,78.88575812251935,106.47034049984217,1.207984276022846,36.16989683392781,83.03814713896458,70.00182428664925,0.01,0.8,validation
17,-23.904628438543398,-28.8618243998214,-0.28757274149893036,47.575272339621236,83.71934604904632,69.66298963777867,0.01,0.8,validation
18,106.87516312048113,147.49016148514505,1.5403410393846373,34.636602800283505,81.6757493188011,69.3513541313572,0.01,0.8,validation
19,68.26899484428002,91.30828592053123,1.1959307173408824,33.85142246547691,82.22070844686648,69.5252665952662,0.01,0.8,validation
20,32.39514956178442,41.880969537324056,0.7584418586677464,37.72555979723977,82.49318801089919,69.46085753234604,0.01,0.8,validation
21,96.0094282332015,131.39217589345373,1.6111251512418354,28.236331048313403,81.88010899182562,69.61893758710758,0.01,0.8,validation
22,66.49126425679998,88.79205409924171,1.1932096727827548,28.61780836917001,82.56130790190736,69.59957576344313,0.01,0.8,validation
23,30.3840708234401,39.19941581477073,0.7184915790258377,35.67524240781581,83.58310626702998,69.7336536340416,0.01,0.8,validation
24,75.21871608247379,101.2075553196087,1.3079669721398524,32.63541299729536,82.01634877384197,69.47476370052304,0.01,0.8,validation
25,48.160094673130786,63.241793664917026,0.945822658618195,49.447338479461955,81.81198910081744,69.72503277488994,0.01,0.8,validation
26,82.25465602937629,111.3287585638509,1.320840342171496,29.49197760376442,80.79019073569482,69.35728406953575,0.01,0.8,validation
27,27.543793370717594,35.42958568170369,0.6744128341513357,34.5085980818875,81.47138964577657,68.72092382800406,0.01,0.8,validation
28,105.09519295533467,144.83847022954723,1.4510475970067147,31.403515901549973,81.26702997275204,69.46678779452414,0.01,0.8,validation
29,69.52364600009577,93.08809573006288,1.1857718040905392,34.99452700952748,81.6757493188011,69.86076743496288,0.01,0.8,validation
0,90.62612001204249,129.93946401243548,1.3640023934691394,24.50185540253658,84.61101646791596,69.55188783764169,0.01,0.8,holdout
1,191.2807513946245,297.42714440059746,2.2677122638087024,22.259311471812932,84.61101646791596,70.10684184307324,0.01,0.8,holdout
2,187.63993256903095,291.027487550101,2.220464349832144,19.27170511129253,85.00851788756388,70.12117874708508,0.01,0.8,holdout
3,73.16214169450667,103.12153500253474,1.2217855703617062,37.43693614824679,85.34923339011925,70.24564767372243,0.01,0.8,holdout
4,330.9650750241686,558.9217013768592,2.828451874796582,26.40967425367035,83.5320840431573,69.87804140343056,0.01,0.8,holdout
5,290.67217362218787,480.5164296648231,2.543631253504044,16.00516026352168,83.47529812606473,69.73172133698796,0.01,0.8,holdout
6,204.04616696464882,320.0482379666964,2.3278098280354955,15.508562332436703,84.55423055082339,70.45529117470713,0.01,0.8,holdout
7,155.60809061584254,235.76116554453307,1.8651859166774472,28.26608582030934,84.09994321408291,69.93375894857857,0.01,0.8,holdout
8,196.02630521563594,305.8035846668889,2.191359362971636,26.9487619967445,83.87279954571267,69.99761286630924,0.01,0.8,holdout
9,52.16918464110385,71.91644740386576,1.013151802496049,32.137878322264704,84.72458830210108,69.48504116589808,0.01,0.8,holdout
10,196.81822307332774,307.2052301828209,2.308370927522376,29.479497339250532,85.00851788756388,70.33547074674968,0.01,0.8,holdout
11,59.37156302208009,82.4898503768067,1.0214425126149689,32.701015738297194,84.38387279954571,70.08295032503972,0.01,0.8,holdout
12,129.00444802846573,191.35839095382062,1.6292613596713912,27.5263678545085,84.61101646791596,69.63326360672345,0.01,0.8,holdout
13,209.05921500412626,329.0080847728359,2.253207902687762,26.78865672947862,83.87279954571267,69.56238541010784,0.01,0.8,holdout
14,175.20221368408863,269.3436339775867,2.02995183165102,23.744044708361862,83.87279954571267,69.7054887921531,0.01,0.8,holdout
15,424.0022555171609,748.0028231507367,2.769425926234879,16.97930780623193,84.27030096536059,70.43971420525217,0.01,0.8,holdout
16,181.89230308852825,280.9724958144485,2.1117216964462866,26.755268241066442,84.38387279954571,70.01586062941634,0.01,0.8,holdout
17,68.21125512996562,95.65757641010693,1.1752088417003788,43.06349527910861,85.23566155593413,70.42657860267893,0.01,0.8,holdout
18,176.32534910886145,271.2902121470438,1.73649881434427,26.620558268134303,85.17887563884156,69.9831501518823,0.01,0.8,holdout
19,355.9753296100046,608.6853431819875,2.777660051143304,28.61202335940829,83.30494037478705,70.12050781096173,0.01,0.8,holdout
20,176.71272365353295,271.9621298390269,2.058558009705406,22.842872310347605,84.72458830210108,70.24813212183938,0.01,0.8,holdout
21,157.20564956136212,238.4720451662024,2.0173627719620004,34.03905863793463,84.78137421919364,70.24172088277827,0.01,0.8,holdout
22,168.26485755419634,257.37145998120934,2.049957040137761,41.873627088512706,85.06530380465645,70.38033419394544,0.01,0.8,holdout
23,11.790690052420727,15.471301188097474,0.4381634873249154,47.8721257474523,85.74673480976718,69.96148779054803,0.01,0.8,holdout
24,127.21135640197461,188.41739430721648,1.4462821193549364,36.61489872027246,84.21351504826802,69.5156773287887,0.01,0.8,holdout
25,181.2962927657768,279.93321130959595,2.192819428600747,26.03450469985861,83.47529812606473,69.6466198107288,0.01,0.8,holdout
26,78.86140860419479,111.79079740363527,1.273269850614887,38.94965871883613,84.49744463373084,69.71578543026013,0.01,0.8,holdout
27,232.5624025774467,371.57230962050187,2.0907493810020337,27.602443712845808,84.38387279954571,70.06635270208781,0.01,0.8,holdout
28,208.47625368653277,327.963970109982,2.3033466479940476,23.171945176636473,84.32708688245314,70.25406049709912,0.01,0.8,holdout
29,65.34042597687633,91.35855183647126,1.089192102821171,26.080852119914443,84.04315729699034,69.66628025388732,0.01,0.8,holdout
0,-83.2159791896071,-52.85192385556381,-0.8315215355483299,90.25670170839827,82.92144748455428,66.21646403675712,0.015,0.8,in_sample
1,-88.78471729304623,-60.216426650699376,-1.1743493391607784,92.02610603407891,83.36275375110327,66.1784636662653,0.015,0.8,in_sample
2,-83.689070673917,-53.41642538958609,-0.8968340904007702,91.62258892259392,82.3918799646955,66.22861996526316,0.015,0.8,in_sample
3,-72.12970285466484,-41.62201518186438,-0.5578586101395109,83.73170584673359,81.24448367166814,65.51491461909599,0.015,0.8,in_sample
4,-79.80281855462088,-49.0278793923329,-0.6950789199940599,85.80333404848,81.72992056487202,66.10492696700173,0.015,0.8,in_sample
5,-84.21953267628936,-54.06076987555314,-0.8783364265770952,92.01632304440811,82.3918799646955,66.14647165124622,0.015,0.8,in_sample
6,-80.07018568126661,-49.31323939610217,-0.7427474020997726,87.26760069816343,81.95057369814651,66.32944957773721,0.015,0.8,in_sample
7,200.80140432014167,59.03395942556797,0.8999132088502932,47.94195578096262,81.33274492497794,65.9384254132114,0.015,0.8,in_sample
8,-87.92035561292326,-58.95242378587281,-1.068576107828812,90.19671188408623,83.23036187113857,66.64333295268982,0.015,0.8,in_sample
9,-77.68686827771562,-46.842885365498596,-0.6378800237919073,89.93543140226734,81.86231244483672,65.7110201013377,0.015,0.8,in_sample
10,-86.66034471303662,-57.20030463280634,-0.9769024590926132,91.94571882199634,82.2594880847308,66.15385833183781,0.015,0.8,in_sample
11,-67.87866872471871,-38.02424237966166,-0.4644252293464756,82.26324796979154,81.50926743159754,65.68417094108017,0.015,0.8,in_sample
12,-79.43250426885797,-48.63623187483784,-0.7052112242763592,91.91465676314816,82.3918799646955,66.05411572198928,0.015,0.8,in_sample
13,-78.57705857349924,-47.74683967199995,-0.7046651900472131,90.70375306796085,81.68578993821713,65.9501345566623,0.015,0.8,in_sample
14,-79.37878717709516,-48.579760131479375,-0.6484959651692679,90.56535570028534,82.08296557811121,66.04786179632463,0.015,0.8,in_sample
15,-74.89830457832163,-44.139253246358614,-0.6608015516329819,90.99606340283546,81.86231244483672,66.17494255582822,0.015,0.8,in_sample
16,-85.77326490027714,-56.02357276301242,-0.9474676364700723,90.99105200049505,82.30361871138571,66.43316483605682,0.015,0.8,in_sample
17,-85.51579350180154,-55.69002650619791,-0.872487235757027,89.31238488866944,82.2594880847308,66.02599870427385,0.015,0.8,in_sample
18,66.02547189090077,23.809870225251494,0.540042001252342,64.7593938859476,80.75904677846425,65.79238809724161,0.015,0.8,in_sample
19,-76.61728546626954,-45.78394909359266,-0.664246896634928,88.52976011449911,82.30361871138571,66.1095011520502,0.015,0.8,in_sample
20,-83.70173413367208,-53.43166504689887,-0.8558180651445368,90.50423041445644,82.3918799646955,66.43823697429455,0.015,0.8,in_sample
21,-79.49475376034513,-48.70178043862358,-0.6888141287447137,91.37424349955413,82.30361871138571,66.14433934530435,0.015,0.8,in_sample
22,-80.92100040311284,-50.23634580634189,-0.7837715879241497,89.23925411183824,81.59752868490733,65.89117771065592,0.015,0.8,in_sample
23,-72.77325813876918,-42.1937467706371,-0.4992433870890139,90.53509044620243,81.59752868490733,66.33024997835031,0.015,0.8,in_sample
24,-81.7053648421706,-51.108704355343335,-0.6726135978991404,91.4930125458993,82.17122683142101,65.98569683508106,0.015,0.8,in_sample
25,-88.81531326695001,-60.262185190574755,-1.1299748698559622,91.88910351886813,82.17122683142101,65.93626775874725,0.015,0.8,in_sample
26,-82.95981222208229,-52.55009879885071,-0.8380074452719611,89.91276995919905,83.18623124448368,66.53745374817908,0.015,0.8,in_sample
27,-64.88602001877948,-35.65427290651441,-0.4159917640180429,80.25482739397269,82.3477493380406,66.21880780800227,0.015,0.8,in_sample
28,-52.991396344816536,-27.23964929135182,-0.21969426557309996,81.25666690929074,81.06796116504854,66.27593980489056,0.015,0.8,in_sample
29,-84.33517634563329,-54.20289810777443,-0.8823055363631154,90.24682763563487,81.68578993821713,65.79468063998249,0.015,0.8,in_sample
0,-6.425291443120096,-7.945178724612168,0.1290406933920575,41.636019870427496,89.03269754768392,69.07019774886457,0.015,0.8,validation
1,11.156611448177035,14.093879630916796,0.4288352880847221,38.68462327651803,88.28337874659401,68.36039404380726,0.015,0.8,validation
2,-18.292425196372918,-22.26307700357041,-0.09714839233057242,51.32323072629129,89.64577656675749,69.63225009815697,0.015,0.8,validation
3,2.203571339170196,2.7543656086131074,0.29299859789485627,45.55639464925918,88.41961852861036,68.62443239799283,0.015,0.8,validation
4,-46.93210876643318,-54.608040762748814,-0.8395433749197448,66.32033538228892,89.16893732970027,68.39615057494204,0.015,0.8,validation
5,-4.667338168581104,-5.784361310861252,0.19137981569699133,48.61802330128552,88.69209809264305,68.64217998149633,0.015,0.8,validation
6,33.72744506820613,43.662988757435905,0.7301981929417447,46.8309029352524,88.35149863760218,68.80233159676693,0.015,0.8,validation
7,55.72681956600503,73.6991675504702,0.9898482256459056,43.12287806251051,88.0108991825613,68.31168854708254,0.015,0.8,validation
8,-13.407661036071572,-16.427629889494767,0.04440168170650334,70.07330909399579,88.48773841961854,68.13481272645254,0.015,0.8,validation
9,-8.176219593728673,-10.087433633018039,0.05792075279293372,39.91773149717327,89.98637602179836,69.44938267152338,0.015,0.8,validation
10,38.05867959249043,49.48637521622072,0.8048665423483746,34.680905364124314,88.0108991825613,68.22567004862746,0.015,0.8,validation
11,47.945837563207824,62.94756804302659,0.9267461918160154,37.513132002967254,88.5558583106267,68.44341795631786,0.015,0.8,validation
12,25.735193037621084,33.039812128617704,0.6336390183249114,55.32665514726081,88.96457765667574,68.41026528404896,0.015,0.8,validation
13,-34.24466935897917,-40.70267481956235,-0.5099278505202608,62.94955562536929,89.64577656675749,69.21977167884916,0.015,0.8,validation
14,-34.365431794004266,-40.838399931259204,-0.5096229892184494,65.24622917946414,89.03269754768392,68.11396523827871,0.015,0.8,validation
15,40.375240045013314,52.619646012310994,0.8280138737266569,45.59215340295898,88.28337874659401,68.74829007544079,0.015,0.8,validation
16,88.27417687220675,120.06480662796228,1.306713539012824,31.757217396039085,87.87465940054496,68.23442498569638,0.015,0.8,validation
17,-26.86849794919658,-32.29910281526905,-0.2805343497829727,55.29727613187012,89.23705722070845,68.39632138873874,0.015,0.8,validation
18,104.37771449488298,143.77121540900117,1.3640737273380994,40.1578945971058,88.07901907356948,68.48275496592024,0.015,0.8,validation
19,0.5271345640439851,0.6575456235536903,0.2639247523759733,49.92614533793848,89.78201634877384,69.29863873518384,0.015,0.8,validation
20,161.1591988273742,230.90914878906284,1.7021724645023841,34.84036971292773,87.80653950953679,68.98100891690142,0.015,0.8,validation
21,41.121823507110136,53.6321697392383,0.79487068196773,48.67112700210701,87.94277929155314,68.39081309808593,0.015,0.8,validation
22,27.307149433170142,35.116420982305605,0.6471359778021406,51.90933277292764,87.94277929155314,68.29537848155515,0.015,0.8,validation
23,17.3649549886022,22.091579749918377,0.5143114112620368,57.734541042965404,88.62397820163488,69.32163329883011,0.015,0.8,validation
24,31.096485376463146,40.14818448752475,0.7150093848355413,52.28432337669834,88.76021798365123,68.79440219495045,0.015,0.8,validation
25,-32.625222963794556,-38.87666958422383,-0.3367889248493098,65.01524703708485,89.10081743869209,68.22582803656303,0.015,0.8,validation
26,-4.8716198959644625,-6.035965916530117,0.17458268605187327,60.47997011939571,87.67029972752044,67.5983857565569,0.015,0.8,validation
27,-19.388885360878295,-23.561328722749042,-0.14445472533326972,52.58456645863133,88.0108991825613,68.68836731677045,0.015,0.8,validation
28,-13.47206587224824,-16.50510897703372,0.016933449756534293,51.376402239404605,88.21525885558583,68.426136510224,0.015,0.8,validation
29,-11.839249200454505,-14.536460776115923,0.05850000910325512,53.35326501408254,88.35149863760218,68.64528850806661,0.015,0.8,validation
0,44.732178210689085,61.15029429726988,0.8605808175250856,33.354237346367896,90.2328222600795,68.78345277887729,0.015,0.8,holdout
1,8.701792296322196,11.370045572217391,0.3936428021574795,36.025592423148055,91.59568427030096,68.95966975806135,0.015,0.8,holdout
2,93.50105527666494,134.42495891027644,1.2993963075325266,29.005067310847448,91.19818285065304,69.07599298492116,0.015,0.8,holdout
3,100.45447133353132,145.35358597870464,1.3626591886766541,35.0213919919724,89.9488926746167,69.12776341154877,0.015,0.8,holdout
4,146.21144756251513,219.9164118815862,1.7752268301960668,43.857261875869966,89.26746166950596,68.29476252071758,0.015,0.8,holdout
5,100.551861683094,145.5074464410455,1.2647798425255337,28.59251725177999,89.49460533787621,68.03716728018783,0.015,0.8,holdout
6,333.8365037762069,564.5934006923274,2.5754741850271214,19.14892245823994,88.81317433276547,68.06239285837357,0.015,0.8,holdout
7,17.310833676654823,22.882567883662432,0.5199702712600439,45.99250658231207,91.87961385576378,69.13518980608036,0.015,0.8,holdout
8,137.95411011517214,206.13691920400495,1.5423693647004328,40.638749554215174,91.08461101646792,69.2901226676576,0.015,0.8,holdout
9,189.51087503051852,294.31321857639824,1.8714409913146022,30.925966032835895,89.55139125496878,68.08298319364715,0.015,0.8,holdout
10,60.684766275309165,84.4328930041667,1.0788657229198693,33.07814142927831,91.48211243611584,69.12955369821996,0.015,0.8,holdout
11,100.81391859353342,145.9215603421337,1.1740832492020714,33.942948802985626,89.83532084043158,67.88578209280665,0.015,0.8,holdout
12,136.5284777700102,203.7717892201576,1.554543589306698,31.0685825597148,89.49460533787621,68.44466595586367,0.015,0.8,holdout
13,68.49296499346569,96.08058881178268,1.0690878094842329,32.295983285842134,90.85746734809767,68.45584354020713,0.015,0.8,holdout
14,41.537859710444835,56.57472096973544,0.8417588213935051,37.859335378307705,90.5167518455423,68.40926829844345,0.015,0.8,holdout
15,87.64618951787502,125.31086392934867,1.3024557878882443,26.94833252463823,91.31175468483816,69.21005037001142,0.015,0.8,holdout
16,114.43018088119862,167.65141164719176,1.5222041230106045,36.61114561945081,89.60817717206133,68.55718169298363,0.015,0.8,holdout
17,289.09538230812046,477.4942171136387,2.6313181821972034,17.185418436016068,89.43781942078365,68.77277686480716,0.015,0.8,holdout
18,177.33368057671828,273.0397764932646,1.6328661127368727,25.465820052247885,89.89210675752413,68.56126733928066,0.015,0.8,holdout
19,172.57692542258658,264.80259057657605,1.819016815072979,30.201851242249596,89.66496308915389,67.5857066124214,0.015,0.8,holdout
20,163.4051266989175,249.03805757332975,1.7792368237759035,27.756702761166157,90.68710959682,69.35557406969424,0.015,0.8,holdout
21,193.58130589188178,301.48297021929915,1.9711043777534771,22.121957491638284,90.11925042589438,68.4358874488554,0.015,0.8,holdout
22,54.19893111128986,74.88178857785779,0.9533047196949688,42.01244355707279,91.02782509937536,68.85787504175508,0.015,0.8,holdout
23,129.05111024492578,191.43501509571882,1.6795116617201253,24.100777871134216,89.09710391822829,67.88849809889385,0.015,0.8,holdout
24,107.1484488202349,155.97912069923493,1.4887754544517402,39.02203611126253,90.17603634298695,68.40691752391955,0.015,0.8,holdout
25,250.2492072750121,404.1883247019925,2.1738414304284497,27.983868735863,88.86996024985804,67.89566585508962,0.015,0.8,holdout
26,36.69984463344096,49.70182722438299,0.7785304379906756,30.79432521673378,89.66496308915389,67.80442474567177,0.015,0.8,holdout
27,73.0001825065013,102.87637288927765,1.1440245405249099,30.039427108082016,90.06246450880182,68.28984562765639,0.015,0.8,holdout
28,196.3797387301457,306.42900560213224,2.049705788786029,22.00139284974125,89.43781942078365,68.51877130683877,0.015,0.8,holdout
29,108.46566989228346,158.08186197767918,1.4302369282225464,26.163155279685224,89.77853492333901,68.23936221260631,0.015,0.8,holdout
0,-81.8638158407289,-51.28754487737157,-0.6701381738389142,91.62778529599917,87.99646954986761,65.47284234716486,0.02,0.8,in_sample
1,-81.56699182648947,-50.95325727758823,-0.6673687553500584,90.37337278960122,86.36363636363636,65.23909121474561,0.02,0.8,in_sample
2,-78.17790928301127,-47.338882092775634,-0.520142031838837,91.83081426273534,86.80494263018534,65.41541919533837,0.02,0.8,in_sample
3,-83.60019436304476,-53.309660630497135,-0.7413504858992195,90.94590246750236,86.84907325684024,65.44180641987424,0.02,0.8,in_sample
4,-86.02035368814805,-56.346969811654645,-0.8031724969621857,91.97030781677837,86.58428949691086,64.94765204270455,0.02,0.8,in_sample
5,-90.4469204322366,-62.81613521312273,-0.9764967059574148,92.70048597566083,87.37864077669903,65.22929196596456,0.02,0.8,in_sample
6,-83.35444201316639,-53.0161764628535,-0.7120987975010676,89.8489310109468,86.62842012356575,65.36553246876947,0.02,0.8,in_sample
7,34.99211431368281,13.473998550978038,0.41717582858099966,58.29870548543769,86.54015887025595,65.28572646277337,0.02,0.8,in_sample
8,-81.61822236606659,-51.010730248592196,-0.7100212221935405,92.49244059654487,87.15798764342453,65.25774982468052,0.02,0.8,in_sample
9,-80.10108894841999,-49.346364845823366,-0.6130887915368964,92.19599179452361,87.68755516328332,65.51318070489226,0.02,0.8,in_sample
10,-83.25516383120505,-52.89832712948224,-0.6384250489341626,90.8540964091473,87.55516328331862,65.54031056532811,0.02,0.8,in_sample
11,-81.84313962577588,-51.26415687861733,-0.5449606233085069,91.60537292484233,88.261253309797,65.905285029425,0.02,0.8,in_sample
12,-84.69781041076135,-54.652561357907544,-0.7153872718613135,91.20233634320417,87.59929390997353,65.51038409163338,0.02,0.8,in_sample
13,-44.31782931274127,-21.859671556578363,-0.08412207447990028,68.18770645623718,86.05472197705207,64.63493653125099,0.02,0.8,in_sample
14,-88.1953998964579,-59.348787283451486,-0.9209163023061451,91.68817387283626,87.33451015004412,65.33723255836999,0.02,0.8,in_sample
15,-79.11228899192405,-48.30084686930528,-0.565481473750236,91.26331389757462,86.45189761694616,65.24346409233739,0.02,0.8,in_sample
16,-17.68643443059724,-7.872396505043144,0.15299197415686078,66.13155352301062,85.96646072374227,64.83838729570823,0.02,0.8,in_sample
17,-85.64798165417882,-55.86083967237134,-0.7249453502639752,94.72817197345283,88.1729920564872,65.67777967121559,0.02,0.8,in_sample
18,-83.77929166501727,-53.52515038659485,-0.6079350370238293,90.90712301549989,86.31950573698145,65.12130930883698,0.02,0.8,in_sample
19,-82.60824245014055,-52.14011091469413,-0.6403411886717554,89.48768751949144,86.80494263018534,65.09844794930896,0.02,0.8,in_sample
20,-83.39610083617154,-53.065749203515225,-0.7203156603566421,91.44061740758434,87.29037952338923,65.1037195280846,0.02,0.8,in_sample
21,-84.75391764942056,-54.72268276555354,-0.7642499102708173,91.73585998094883,86.98146513680494,65.0922953572627,0.02,0.8,in_sample
22,-85.21085163341515,-55.29939232256417,-0.8039193249857522,91.0970614799743,86.67255075022065,65.36052091002787,0.02,0.8,in_sample
23,-73.18357687082799,-42.562364707229136,-0.47934833424923984,80.26311862235181,87.77581641659312,65.37220147549068,0.02,0.8,in_sample
24,-87.12872580226758,-57.839950041390644,-0.7939197426707304,92.17382478478885,86.93733451015004,65.38470211823802,0.02,0.8,in_sample
25,-85.71559535072227,-55.94856196862917,-0.772865214241157,92.63454669318833,88.12886142983231,65.64608701309612,0.02,0.8,in_sample
26,-84.43782578011387,-54.32956576023217,-0.7813026493425703,92.06925321542127,86.93733451015004,64.76480048717418,0.02,0.8,in_sample
27,-65.77459082989347,-36.345330160774836,-0.32058739191135127,84.08525391455724,87.51103265666373,65.77845256351704,0.02,0.8,in_sample
28,-83.78203140336518,-53.52845750405787,-0.6944294007750849,92.0547847129507,87.59929390997353,65.48215470802127,0.02,0.8,in_sample
29,-83.25627513115516,-52.89964407009644,-0.7155753781189447,93.21720100085778,86.98146513680494,64.81021691132295,0.02,0.8,in_sample
0,-3.9647186810303547,-4.917962579706314,0.2320201860333853,49.333813580475116,91.89373297002726,67.36530424217923,0.02,0.8,validation
1,-18.5772831981036,-22.600775535693007,-0.007984671403774875,58.82044759793905,90.73569482288828,66.30910264012967,0.02,0.8,validation
2,-23.709333094807693,-28.634159390856418,-0.11153512935852118,46.7671397913374,92.23433242506812,67.90637682224848,0.02,0.8,validation
3,-51.41871551188778,-59.34103554360078,-0.7421063604269893,72.02377950917594,91.68937329700273,66.88595730097255,0.02,0.8,validation
4,15.603191331454314,19.811185414885337,0.5083162911164615,49.92150198470132,91.41689373297002,67.01527917701833,0.02,0.8,validation
5,24.807237224830025,31.81694695875208,0.6112571507460285,47.332032505365554,91.14441416893733,67.4391474131636,0.02,0.8,validation
6,1.3145654754860292,1.641367549702677,0.3336078670836859,45.099141029663684,91.89373297002726,66.39166161494384,0.02,0.8,validation
7,40.30378732512825,52.52281063712123,0.7621277473414921,49.462913668143,90.59945504087193,66.3631881744709,0.02,0.8,validation
8,5.842901344717499,7.335405273184459,0.38423126604905544,65.39500662763129,91.34877384196184,67.1062688537085,0.02,0.8,validation
9,-15.907791016452588,-19.424778613632398,0.07706708253039775,45.37307655061979,91.34877384196184,66.39604615598248,0.02,0.8,validation
10,-51.130545848191936,-59.04016808794397,-0.6297666414299331,66.38244461187402,91.68937329700273,66.3727682151827,0.02,0.8,validation
11,-21.854719279912104,-26.465022455618424,-0.07619344977409179,48.79398975797108,91.4850136239782,66.10348943580668,0.02,0.8,validation
12,15.531859281041328,19.719034042482562,0.5029082738940052,61.14676280778284,91.82561307901908,67.2289768708529,0.02,0.8,validation
13,-70.39574503204621,-78.07210605719364,-1.6168700860355105,77.49272037892483,92.64305177111717,66.52892881587628,0.02,0.8,validation
14,104.92049424345899,144.57851960757768,1.1823779928123275,51.41817218912818,91.55313351498637,67.96243276066377,0.02,0.8,validation
15,-5.810514348962704,-7.190643693764542,0.2089296277824244,45.83853062917024,92.16621253405994,67.00552698881495,0.02,0.8,validation
16,-11.166861097751523,-13.723151674935696,0.11647459301034885,50.09059316810285,91.34877384196184,66.60173472412446,0.02,0.8,validation
17,-42.56667341756884,-49.907012825386445,-0.569396614037848,63.854170255058186,91.96185286103542,66.76038269056195,0.02,0.8,validation
18,44.77517624661527,58.60584346454954,0.7654320674468265,49.321089730849685,91.21253405994551,66.76674803215228,0.02,0.8,validation
19,1.041908495934285,1.3004937560713525,0.30001225401395387,45.7399007417009,92.64305177111717,67.91424124666679,0.02,0.8,validation
20,138.38121961748385,195.32650707346502,1.5759003437094485,44.973546077270896,91.14441416893733,66.59932922988617,0.02,0.8,validation
21,-3.979771555794964,-4.936540680966983,0.2332212172533745,47.65178124688579,91.21253405994551,67.10224846177024,0.02,0.8,validation
22,-41.915287464011364,-49.197795880611885,-0.41905642484043343,64.29092421155079,92.09809264305177,67.30467091594954,0.02,0.8,validation
23,16.108979047642148,20.46499664681285,0.5078167739532903,47.55948841772478,90.9400544959128,66.66105022381716,0.02,0.8,validation
24,-42.81941338431749,-50.18165898461162,-0.47363188249601723,72.51900859048236,91.62125340599455,66.99808381554338,0.02,0.8,validation
25,41.268834922505945,53.831703969465664,0.832104648924735,46.15700532978286,91.4850136239782,66.69384472138381,0.02,0.8,validation
26,13.759511385382028,17.43392137734503,0.47580652186256184,49.55163164509259,92.23433242506812,67.02446807548004,0.02,0.8,validation
27,-5.84838956865692,-7.237164321440293,0.2127013990977258,58.8064746611964,91.28065395095368,67.0757846029958,0.02,0.8,validation
28,57.29665139142741,75.88465410787435,0.9286233988960089,42.91628846582641,90.80381471389646,67.12986972677551,0.02,0.8,validation
29,40.070077355902626,52.20616317766735,0.8001294129910527,46.36350896383594,91.14441416893733,67.38373676670176,0.02,0.8,validation
0,158.693707301455,241.00151991987886,1.6462706535521054,25.146283977942264,91.93639977285633,67.28692580921945,0.02,0.8,holdout
1,91.98995281452599,132.06489279546796,1.1722929132097015,35.37192926391174,91.82282793867121,66.53726085509012,0.02,0.8,holdout
2,166.81032368147007,254.87260560140462,1.3233347183018842,34.01019242144632,92.5610448608745,66.06082166366947,0.02,0.8,holdout
3,221.14075939752294,350.7745458320956,1.8757991882219078,33.1967831187873,91.76604202157866,66.73620798748475,0.02,0.8,holdout
4,258.38779401775685,419.35968301906416,2.216847825490014,41.15002852390716,91.93639977285633,67.3273276239264,0.02,0.8,holdout
5,151.43356496917067,228.70074064770597,1.608776294778705,33.725248815154366,92.04997160704146,66.73317485161732,0.02,0.8,holdout
6,318.82596498905997,535.0661735543207,2.2199895976207698,29.208594150360522,91.59568427030096,67.49847469483828,0.02,0.8,holdout
7,10.497465444563048,13.750172021808037,0.43398566309033887,63.554669744181794,92.90176036342986,66.81373404954968,0.02,0.8,holdout
8,85.22048667062501,121.55884814366988,1.1640047294518765,41.22265070879026,92.67461669505963,67.01637426553744,0.02,0.8,holdout
9,37.333624530262185,50.59821001559839,0.7532534467094419,40.05916956215893,92.61783077796707,66.94343923948242,0.02,0.8,holdout
10,206.40477959931616,324.25849346131406,1.9938121966444953,24.810176862360557,92.04997160704146,65.99684225068782,0.02,0.8,holdout
11,11.08762294514618,14.534879841175407,0.45091467340116076,45.84210343511844,92.7314026121522,66.1055836482459,0.02,0.8,holdout
12,262.2840796300915,426.6585159805917,2.026401088657563,36.966678161705524,91.36854060193073,66.333505440188,0.02,0.8,holdout
13,137.0220175838404,204.5901062446278,1.4850827779812616,34.42983393648284,92.16354344122658,67.21178954735838,0.02,0.8,holdout
14,194.8072808169714,303.64811685248515,1.820778344351582,31.327755289506133,92.61783077796707,65.90139758244862,0.02,0.8,holdout
15,140.8456789544138,210.9466843018402,1.6030805949124578,37.12186001052949,93.52640545144804,68.06902572060015,0.02,0.8,holdout
16,114.49044339182129,167.7484967000314,1.4256763002367783,30.39232814343386,92.04997160704146,66.72489808317398,0.02,0.8,holdout
17,228.36003161865654,363.89564266847384,1.996292581109783,24.408438827823712,91.9931856899489,67.47110717154102,0.02,0.8,holdout
18,62.28663814260891,86.80930896411154,0.9715970902724549,38.58274379728214,92.2771152754117,66.5563040142895,0.02,0.8,holdout
19,145.6614159650541,218.9943106099867,1.5179699917029075,23.086942950141637,92.95854628052243,66.80924694163618,0.02,0.8,holdout
20,120.71151750061779,177.81323592809883,1.4571029837343803,33.95171570856371,92.2771152754117,66.60565152996126,0.02,0.8,holdout
21,99.60550514054201,144.0132823010651,1.331739909236444,34.78814300400938,92.50425894378195,66.51816011715107,0.02,0.8,holdout
22,170.7481040286774,261.64671703280266,1.7494528311878168,28.408448746624128,91.31175468483816,66.27290962200007,0.02,0.8,holdout
23,75.0376788285974,105.96543132841107,1.1280751277836236,28.51835620194892,92.33390119250427,66.31559388877892,0.02,0.8,holdout
24,-68.63070861009987,-77.60398088541403,-1.202807447302724,81.9686179287142,93.1289040318001,66.90408617463387,0.02,0.8,holdout
25,430.2921738326275,761.1631809958952,2.6974691793963763,26.029138086743586,91.59568427030096,66.8078577927077,0.02,0.8,holdout
26,149.36875806640737,225.22104654790246,1.51999058976369,25.553598316051158,91.9931856899489,66.22337094958189,0.02,0.8,holdout
27,56.54564042621075,78.32435467809266,0.9164650623509708,49.51163956852764,92.33390119250427,66.28700755494978,0.02,0.8,holdout
28,103.9701703881295,150.92150702284908,1.3232271656244559,34.68962789929391,92.33390119250427,66.6075838998764,0.02,0.8,holdout
29,310.6746458069259,519.1594280427307,2.3477976301232877,25.381355004743504,91.76604202157866,67.16915200170102,0.02,0.8,holdout
0,-94.10679108619465,-69.66294062642804,-1.116179503994654,94.4054560874396,92.67431597528685,62.5863050559715,0.03,0.8,in_sample
1,-90.99962130417309,-63.73808853784818,-0.7249795423425335,92.62286652066165,92.32127096204766,63.39332342273528,0.03,0.8,in_sample
2,-82.60856338434931,-52.14048297871312,-0.4767607062289769,91.91090933278556,92.18887908208296,62.86564218760684,0.03,0.8,in_sample
3,-90.26004791353354,-62.511424583310806,-0.7806955937325627,93.332351170048,92.01235657546337,62.716770828965394,0.03,0.8,in_sample
4,-83.83223554836151,-53.58911588439367,-0.44535586536274724,92.29378442171675,92.10061782877317,62.68168125550964,0.03,0.8,in_sample
5,-89.8315008131273,-61.82518910120548,-0.7891809371334003,93.2891293142062,91.61518093556928,62.73654910095554,0.03,0.8,in_sample
6,-86.43217226141505,-56.89340612035614,-0.6150652893314253,91.4407038904425,91.87996469549867,63.05283869397235,0.03,0.8,in_sample
7,-88.23354311148351,-59.40417547814385,-0.7099058057331445,93.13488943506238,92.10061782877317,63.15190568763549,0.03,0.8,in_sample
8,-88.52626440491208,-59.83274127115051,-0.6523239812108075,93.39533806866409,92.10061782877317,62.26736284306313,0.03,0.8,in_sample
9,-82.03924049508258,-51.486601166507405,-0.4730688549068068,93.49639131545548,91.306266548985,62.40180000010406,0.03,0.8,in_sample
10,-90.24889282425569,-62.49334275124501,-0.835526728893442,93.79981793815587,91.70344218887908,61.94180383032798,0.03,0.8,in_sample
11,-88.58828579433217,-59.92435502446217,-0.6360140123692227,93.67029272685588,92.85083848190644,64.74147547699944,0.03,0.8,in_sample
12,-88.63349110098711,-59.99131090749069,-0.6809698257283872,92.17569545092105,92.10061782877317,63.84823135664413,0.03,0.8,in_sample
13,-89.32319495395488,-61.03259482059682,-0.6063604612265451,93.10299713036204,90.95322153574581,61.993322078282944,0.03,0.8,in_sample
14,-86.13826208572613,-56.50245800551368,-0.5625878995107084,93.2638796014991,92.32127096204766,63.236724622582486,0.03,0.8,in_sample
15,-88.41617923549963,-59.67083414344157,-0.6222697079133146,92.40008811487367,91.0856134157105,61.89549583390177,0.03,0.8,in_sample
16,-49.40710087346437,-24.952060876743275,-0.023719228934728078,72.42190962174409,91.52691968225949,61.80414683682437,0.03,0.8,in_sample
17,-89.85318269540643,-61.859501913873615,-0.6614658281756342,94.53377562609452,92.01235657546337,62.764543325746125,0.03,0.8,in_sample
18,-76.90344273415937,-46.064462748805276,-0.2964085149848655,93.39349070746904,92.05648720211828,62.14908708293427,0.03,0.8,in_sample
19,-88.40944368813409,-59.66095684042231,-0.7043596195433623,93.83260497204526,91.79170344218888,62.78462942422013,0.03,0.8,in_sample
20,-91.28819285629802,-64.23250613668661,-0.910696243784307,94.3247729784004,91.83583406884378,62.626440755302184,0.03,0.8,in_sample
21,-91.84720691106958,-65.21797463778313,-0.9839108744758711,93.91487059774379,92.36540158870255,63.04345530560015,0.03,0.8,in_sample
22,-80.94376583526602,-50.26136963212304,-0.3745052082046899,91.67676863810442,91.2621359223301,62.40194835940631,0.03,0.8,in_sample
23,-84.6411687031993,-54.58192274862077,-0.6109223163527304,93.7034556652695,91.87996469549867,62.31693093972037,0.03,0.8,in_sample
24,-87.81831733354619,-58.8067070281558,-0.7161123664341009,95.40734750066629,92.10061782877317,62.48101187305702,0.03,0.8,in_sample
25,-94.07216286620245,-69.58797085722033,-1.2155334901628059,94.15559574781518,92.14474845542807,62.960939955443294,0.03,0.8,in_sample
26,-90.63582772845407,-63.127690382528314,-0.9244278775056787,91.95425153101951,91.39452780229479,62.93739876430898,0.03,0.8,in_sample
27,-90.96763251610766,-63.68384939890836,-0.8316988309137717,93.28504919402324,91.96822594880847,62.06265927233694,0.03,0.8,in_sample
28,-37.223499386011774,-17.810581543451676,0.09062470119338262,78.523715986567,90.95322153574581,62.12642437279283,0.03,0.8,in_sample
29,-85.5915968619661,-55.787868516325624,-0.518322054823847,95.02464288136908,91.65931156222419,61.754533626994615,0.03,0.8,in_sample
0,-32.752598110494326,-39.02068722076075,-0.1404360498275005,60.588853544350584,94.75476839237056,64.54749414807301,0.03,0.8,validation
1,13.304595189685475,16.848800688487486,0.4891908788487687,58.08926996335656,94.00544959128065,64.20556282446627,0.03,0.8,validation
2,-19.832950270434992,-24.085884633273334,0.10000912404422062,67.70346501592826,94.48228882833789,64.61214954591813,0.03,0.8,validation
3,-7.6338189982663955,-9.424875945834078,0.23683228614196442,57.10250690330382,94.61852861035422,63.47054430947049,0.03,0.8,validation
4,-81.8435506147022,-88.07886629855388,-1.8907988952072814,88.0988584692996,95.50408719346049,64.84829120993291,0.03,0.8,validation
5,-69.2375082744706,-76.997541585356,-0.9171934917191427,79.89401176357663,95.02724795640327,64.87958164209545,0.03,0.8,validation
6,-4.153912413802063,-5.151411281955342,0.2913390776934781,52.504410360684105,94.48228882833789,64.3150671415326,0.03,0.8,validation
7,-57.4453147010787,-65.52925893489723,-0.6072817150349554,73.15989252595597,94.48228882833789,64.53035558396537,0.03,0.8,validation
8,-30.985095748499315,-37.016281816282785,-0.0432518705074815,69.05053201110614,94.48228882833789,65.27969162474398,0.03,0.8,validation
9,-30.521953744323017,-36.48895390330927,-0.14571696166855236,59.29623067125224,94.95912806539509,65.40609039595795,0.03,0.8,validation
10,-50.95917377441518,-58.861037026741634,-0.6415558654927792,70.76166696821592,94.89100817438693,65.13894140697354,0.03,0.8,validation
11,34.055669951672726,44.102681989153815,0.6941278898128073,51.67451155040846,94.34604904632153,64.68327392811189,0.03,0.8,validation
12,56.38646048610725,74.61684704938745,0.8758865626561543,58.188706791897026,94.61852861035422,64.34819968121457,0.03,0.8,validation
13,-50.41717556476848,-58.293484883170954,-0.4665539957640514,74.9944773434065,94.48228882833789,64.07409440440735,0.03,0.8,validation
14,-46.46197070533423,-54.10619740979104,-0.4232489575010255,77.47274699326202,94.55040871934605,65.21918419203627,0.03,0.8,validation
15,-24.16629403581646,-29.166634524873448,-0.010610000128938528,64.97675865139823,95.43596730245231,64.84301405375476,0.03,0.8,validation
16,-30.569215113164418,-36.542804948582386,-0.1417655493309301,68.37760890966631,94.75476839237056,64.63799162910935,0.03,0.8,validation
17,-42.515124866148845,-49.85095966881003,-0.41041588730080053,68.73384940255673,94.61852861035422,64.08803277396822,0.03,0.8,validation
18,50.51687687539488,66.48511299051714,0.8282292486931373,52.43362473417632,94.00544959128065,64.47341977984854,0.03,0.8,validation
19,-7.03281112608688,-8.689606670087313,0.23144586565247946,57.5110049808112,95.09536784741145,65.25963772753256,0.03,0.8,validation
20,-45.71651894550642,-53.30824655697137,-0.4425346264966298,70.81052363766192,95.98092643051771,64.94001052889111,0.03,0.8,validation
21,67.04707493726072,89.57805007431946,0.9313677993958183,37.598225456361135,94.48228882833789,65.09660857941103,0.03,0.8,validation
22,-21.693700686509676,-26.2760928137713,0.04404219864598916,63.63970628200425,94.61852861035422,64.51671478279269,0.03,0.8,validation
23,-43.81508864682934,-51.26071371945944,-0.314051045497633,72.26419205960448,94.34604904632153,64.09601967318727,0.03,0.8,validation
24,-47.462205465058815,-55.172572358253944,-0.39694819055477787,73.5160420330912,94.75476839237056,65.47546422450888,0.03,0.8,validation
25,-66.00524937039474,-73.94661833859631,-1.0757004862476789,84.90140080920217,94.61852861035422,64.95419739944718,0.03,0.8,validation
26,-5.9072299158500545,-7.30942642904735,0.27131356042965055,52.79351090948887,94.4141689373297,63.97247159823084,0.03,0.8,validation
27,-81.85044269042103,-88.08450707582676,-1.9629488288316,87.01438699335935,95.09536784741145,64.02760690091098,0.03,0.8,validation
28,-10.719272928502932,-13.180913819229378,0.18467636430453185,57.5615589679757,95.16348773841962,65.50783422633167,0.03,0.8,validation
29,6.958205858902966,8.747161487528254,0.4291168966506324,59.610371719902574,94.48228882833789,63.285815772336385,0.03,0.8,validation
0,356.42813994095695,609.5937803073924,2.249413034345768,30.207202214029603,94.37819420783646,63.05986605517568,0.03,0.8,holdout
1,96.25484392952086,138.73964430882322,1.1211007405832414,41.815901779617434,96.02498580352072,64.3823195850654,0.03,0.8,holdout
2,31.96318278627206,43.04105394074542,0.6779126017066631,46.955690961326,96.36570130607609,64.99531485136232,0.03,0.8,holdout
3,429.2157735991498,758.9078015222693,2.48664270019692,28.457078068381474,94.32140829074389,63.053248106907574,0.03,0.8,holdout
4,116.37520003187754,170.78890023138445,1.348854619111589,46.9858838392132,94.94605337876206,63.770995044391455,0.03,0.8,holdout
5,172.20127523426268,264.153852763685,1.6095751035134915,30.24733911660573,94.8892674616695,63.120241002318764,0.03,0.8,holdout
6,443.35131317955774,788.6314358762253,2.518884299570593,27.173440721370806,93.98069278818852,62.45844087491995,0.03,0.8,holdout
7,58.445653881561846,81.12264825001063,0.9311365457381454,44.36719531532011,96.25212947189097,63.916989606247895,0.03,0.8,holdout
8,162.9442249218253,248.25001398232982,1.5596027004490045,46.43369641464045,94.43498012492901,63.254846793476716,0.03,0.8,holdout
9,80.00941752582835,113.54687524107531,1.0947158580370662,29.78087798745101,94.83248154457694,61.880639575176424,0.03,0.8,holdout
10,39.365995305468246,53.48077679999326,0.7742119139086086,43.32222154818162,94.94605337876206,63.0120253222375,0.03,0.8,holdout
11,132.22359949221678,196.6551734634935,1.410539780945596,26.1843086981036,94.83248154457694,62.414847401029895,0.03,0.8,holdout
12,46.35257565991255,63.482653789346564,0.8005260003472082,42.48582017889984,95.22998296422487,63.61431415126145,0.03,0.8,holdout
13,-8.664506754596847,-11.038925190740045,0.2155612582382269,54.72682068355882,95.34355479841,63.09665576752504,0.03,0.8,holdout
14,83.91682141946039,119.54825228132697,1.1432254469981238,35.54653879739441,95.28676888131743,63.24521540236647,0.03,0.8,holdout
15,98.784421942627,142.7185738970237,1.1677442892824452,43.13192219835788,94.54855195911414,62.72589982141358,0.03,0.8,holdout
16,332.3306737809339,561.6176922631682,2.0989912360178953,29.250980587698344,94.71890971039181,62.40276754395667,0.03,0.8,holdout
17,391.2030746742254,680.1290678822929,2.3188884302429065,33.99548603572912,94.8892674616695,63.73289002908482,0.03,0.8,holdout
18,6.072234888986072,7.905231719344075,0.4043213764308721,44.18689075613644,96.81998864281658,64.8834608940665,0.03,0.8,holdout
19,154.58067867538477,234.0203599372192,1.4878976641814259,33.079181753547225,94.94605337876206,61.854356322323724,0.03,0.8,holdout
20,164.25422611963768,250.49088534055844,1.5581957765272232,39.182109512773565,95.1731970471323,63.199333028796524,0.03,0.8,holdout
21,364.68393961835926,626.2024761674453,2.1530553014992178,23.872450158708553,94.66212379329926,63.80199773136863,0.03,0.8,holdout
22,70.03776377395316,98.40389005281467,1.03825828272014,38.28389281911267,94.66212379329926,63.35240472026052,0.03,0.8,holdout
23,156.4241774755506,237.14536074428594,1.5167472490734601,34.23461124899233,94.83248154457694,63.442394196703425,0.03,0.8,holdout
24,81.7391451593589,116.19894016403434,1.1302949991033746,41.647594851609945,94.83248154457694,63.53744000122493,0.03,0.8,holdout
25,265.67424672283664,433.027844201823,1.9625109988676979,28.751300657666718,94.03747870528109,63.14530258268617,0.03,0.8,holdout
26,-45.00638233633032,-53.779176204876435,-0.34728678051384737,61.345960756466944,95.74105621805792,61.5493739587356,0.03,0.8,holdout
27,309.9659433227555,517.7807483629374,2.1956882386524064,33.09946629330324,94.60533787620669,62.45269596592563,0.03,0.8,holdout
28,690.9248806349965,1342.6657075420035,1.901435541257977,35.9797238828671,95.05962521294718,62.66756219619466,0.03,0.8,holdout
29,96.22628261392792,138.69480313529894,1.1511947317890618,29.158636536939802,94.94605337876206,62.187087017498385,0.03,0.8,holdout
0,-89.46385832038328,-61.24970306715598,-0.8259101158200375,94.22075668855476,86.01059135039718,73.68887064273898,0.02,0.9,in_sample
1,-15.353278317490027,-6.781184344894875,0.1803280793924752,63.747731422415264,85.2603706972639,74.16278767467101,0.02,0.9,in_sample
2,-35.552880015014686,-16.896138585465124,0.05535893048288117,65.56107577498065,85.3927625772286,74.40492956825177,0.02,0.9,in_sample
3,-87.99584005881623,-59.06067907608963,-0.8247586117870095,94.61334298908847,85.3045013239188,74.18670842540298,0.02,0.9,in_sample
4,-83.50174556461941,-53.191786850292246,-0.6226645799229182,92.26488917188166,85.1721094439541,73.86032965975986,0.02,0.9,in_sample
5,-83.9165697711419,-53.69125724919708,-0.6015600647443164,93.66417653210907,85.2603706972639,73.78218300408523,0.02,0.9,in_sample
6,-88.2411223048156,-59.4151936803383,-0.7841572127590817,93.60026167213142,85.70167696381289,74.11462134051412,0.02,0.9,in_sample
7,-79.41126460457527,-48.61389283447938,-0.44011231131049267,93.34832298988522,84.73080317740512,73.92458273544759,0.02,0.9,in_sample
8,-90.29115653269473,-62.56191347527652,-0.8921999484882462,93.59211757681692,84.90732568402471,73.72025495901829,0.02,0.9,in_sample
9,-76.11407438817879,-45.295440990339266,-0.4103376455106492,91.82736706042,84.68667255075022,73.80752131916076,0.02,0.9,in_sample
10,-89.65569181784518,-61.54851168229683,-0.9079343491405215,93.99592217570533,85.5251544571933,74.49940321404226,0.02,0.9,in_sample
11,-84.77246051420664,-54.74588999499361,-0.6849178336435946,89.40692333873587,86.14298323036186,74.87543920008095,0.02,0.9,in_sample
12,-82.02049174361728,-51.46527320466063,-0.5549407659129088,94.12630959027221,84.9514563106796,73.68649902839776,0.02,0.9,in_sample
13,-86.67881682721297,-57.22528264725337,-0.7135892488780939,93.51536531000636,86.14298323036186,74.12692015473276,0.02,0.9,in_sample
14,-70.96421841574865,-40.605738739153296,-0.3048942686122934,86.04614179271334,85.216240070609,74.73836679574556,0.02,0.9,in_sample
15,-80.60013643719569,-49.885473781375154,-0.5246581123263596,94.74442589115769,84.77493380406001,73.7295013805633,0.02,0.9,in_sample
16,-84.35899910193496,-54.23225207767579,-0.6231636390002422,92.71898540790693,84.90732568402471,73.87934857267568,0.02,0.9,in_sample
17,-85.53454018271569,-55.71419585930144,-0.6814131151197061,93.62361151701582,85.1721094439541,73.84491765008805,0.02,0.9,in_sample
18,-87.64497904696523,-58.56077997117504,-0.7063321089175604,92.40189157319412,85.1721094439541,73.71071266088717,0.02,0.9,in_sample
19,-84.09486986856018,-53.90823044757804,-0.6326430632711391,93.42439365794426,85.48102383053839,73.73295547027887,0.02,0.9,in_sample
20,-89.9689140319215,-62.04337502107327,-0.9191655367552212,94.36542434839583,85.48102383053839,74.03612609805651,0.02,0.9,in_sample
21,-85.93369966890182,-56.233180642507165,-0.6946006207404972,93.64745998967739,85.43689320388349,73.62968228108565,0.02,0.9,in_sample
22,-88.77142979171569,-60.19657671098665,-0.8010594462095724,93.31707673312614,84.90732568402471,73.66276587963365,0.02,0.9,in_sample
23,-81.4114994181664,-50.77938209645831,-0.5875075134139454,94.7004144816051,85.216240070609,74.12999339557128,0.02,0.9,in_sample
24,-83.77116544358638,-53.51534318703439,-0.7002781867926158,93.46452776852095,84.86319505736981,74.13857219521364,0.02,0.9,in_sample
25,-85.5259596476817,-55.70313106710603,-0.6574327380738225,92.48530920580728,85.65754633715798,73.71451100270929,0.02,0.9,in_sample
26,-83.36669203791445,-53.030746162561414,-0.619776486174266,93.41663928438587,85.0838481906443,73.47508023829612,0.02,0.9,in_sample
27,-88.8070196908002,-60.24977438525711,-0.79068136407375,93.48613706317734,85.3045013239188,73.93381508401681,0.02,0.9,in_sample
28,-84.22985634581521,-54.07343330415819,-0.5833754740428624,93.56595393800832,85.12797881729921,74.04908327632852,0.02,0.9,in_sample
29,-74.04602658637529,-43.34794892054178,-0.3743519467750233,93.63358564204984,85.0838481906443,73.8162473753135,0.02,0.9,in_sample
0,-16.840777219801673,-20.537656265503912,0.048512974416102465,52.9961863455755,91.07629427792916,76.41932473139038,0.02,0.9,validation
1,36.076517175416846,46.815660587986585,0.7218046894652406,45.951419497939014,89.78201634877384,75.98738017561017,0.02,0.9,validation
2,29.264850946268805,37.711460056071154,0.6691602620005654,47.77013319799408,90.87193460490464,76.73093895036577,0.02,0.9,validation
3,9.702766184332546,12.23665421217024,0.45472870138567795,60.196598964629224,89.50953678474114,75.46652897077021,0.02,0.9,validation
4,-29.318011899645512,-35.114112338583055,-0.19000365973753852,57.56072535111362,90.9400544959128,75.64176387395747,0.02,0.9,validation
5,-5.07707416965083,-6.288880348555514,0.2651674997445544,54.547137469092334,91.7574931880109,77.79082377560843,0.02,0.9,validation
6,-31.185017628858482,-37.24364130609445,-0.19187885988758008,63.98482241923127,90.32697547683924,76.23922251620286,0.02,0.9,validation
7,6.738943810848874,8.46933090267501,0.38004105324718296,41.2016278085113,91.00817438692098,76.35185057334569,0.02,0.9,validation
8,-24.325994644078797,-29.352539894094964,-0.07693499104402396,56.49467719360876,91.14441416893733,76.44035351919521,0.02,0.9,validation
9,-37.655666717145344,-44.5123179750313,-0.42329428282520876,57.92886933470721,90.25885558583107,76.23632955212813,0.02,0.9,validation
10,-32.895330536361286,-39.181988770843155,-0.2383313053396754,67.2289697380249,90.9400544959128,76.30041226652763,0.02,0.9,validation
11,35.04492506145698,45.42950199412956,0.7193969418752936,44.45133036921135,90.32697547683924,76.67149833869456,0.02,0.9,validation
12,80.06550792615268,108.16915841873924,1.081134701382762,48.258948617470416,89.64577656675749,75.85609592959356,0.02,0.9,validation
13,7.870950853827652,9.905222953348346,0.3991986975938494,49.79337529108939,90.39509536784742,76.3695263077158,0.02,0.9,validation
14,-46.949331128709794,-54.626403822342695,-0.5260241552772525,72.23668434058843,90.12261580381471,75.92061396115989,0.02,0.9,validation
15,78.27931875830228,105.5981523565658,1.0771077409299883,45.922369933550414,90.46321525885558,76.18151642314203,0.02,0.9,validation
16,-35.6107977589217,-42.234462243347316,-0.2507128433634942,68.83198480466437,90.46321525885558,75.88138409340515,0.02,0.9,validation
17,13.434128772523547,17.015350026722054,0.476360719341919,43.72533498420748,90.39509536784742,76.90731600182495,0.02,0.9,validation
18,11.070870295917889,13.984181897007897,0.4493212557073739,50.4195139966953,90.19073569482289,76.01401470431817,0.02,0.9,validation
19,-39.159818399440326,-46.176160057123525,-0.48145460563989445,52.763170234979604,90.80381471389646,76.49229727889401,0.02,0.9,validation
20,-13.154176206113977,-16.122549403804253,0.10059126240767115,58.18467501088285,90.9400544959128,76.16078009793812,0.02,0.9,validation
21,-55.51748637368961,-63.57182874330649,-0.8097176904603287,70.45935441922784,90.73569482288828,76.29072949059031,0.02,0.9,validation
22,25.655884165017273,32.93521124111292,0.622262382874491,46.27537153342558,89.91825613079018,75.34382682332915,0.02,0.9,validation
23,42.49158691726356,55.493289441724755,0.8088763766967145,45.09226123049862,89.50953678474114,75.91799748032817,0.02,0.9,validation
24,-41.39789167311692,-48.63306459627981,-0.399404852777896,61.5082974393578,90.87193460490464,75.91770049094147,0.02,0.9,validation
25,-76.62089222334735,-83.662368839219,-1.623950460861014,84.19506303154773,89.71389645776566,75.7473993989836,0.02,0.9,validation
26,-23.840376604484792,-28.78693888594468,-0.04268249331791665,61.56760104831203,91.00817438692098,76.64827564471832,0.02,0.9,validation
27,21.72521866745445,27.77159110910543,0.5761903012226312,39.95485426091034,89.98637602179836,76.00440920534409,0.02,0.9,validation
28,-16.932826922647195,-20.647288092863015,0.12068308581938364,59.07224852555256,90.32697547683924,76.59333013314637,0.02,0.9,validation
29,90.58278831025844,123.43370070111112,1.1688038247726036,41.07251677761414,89.91825613079018,76.27699943984447,0.02,0.9,validation
0,226.07412924872875,359.73183009429937,1.9611886693495149,30.313029827374717,91.70925610448609,76.41887576729648,0.02,0.9,holdout
1,328.99868638978484,555.0439807885192,2.216459334771936,30.223408594812735,91.31175468483816,76.36149934085978,0.02,0.9,holdout
2,262.3474889147159,426.77748874409866,1.657449674125702,39.77841500736427,92.84497444633732,77.02236423995329,0.02,0.9,holdout
3,-13.137028472182276,-16.620778410122306,0.12325681733932198,47.258534291468635,93.41283361726292,76.89028771655614,0.02,0.9,holdout
4,379.1493714599364,655.5101420889434,2.2822531803085204,38.812727295000755,90.9710391822828,76.51758635054051,0.02,0.9,holdout
5,198.8804964902616,310.8604236636013,1.8042356632412284,25.213247597268985,91.02782509937536,76.19508228070856,0.02,0.9,holdout
6,644.0826737087444,1233.354790538274,2.839503900419096,23.367307951969934,90.63032367972743,75.88353337337792,0.02,0.9,holdout
7,82.6661556092272,117.62328421592807,1.0968105253416012,42.68291536688038,93.07211811470755,77.34340646223342,0.02,0.9,holdout
8,32.08428626662243,43.21049795591103,0.6577093585617177,68.92225221576105,91.59568427030096,75.79566748367917,0.02,0.9,holdout
9,68.72984568086946,96.4364453593864,1.037613925245194,40.794032996279036,92.2771152754117,76.10425660709193,0.02,0.9,holdout
10,23.519626349642152,31.340222683764107,0.6031451224312313,66.57515472710341,91.02782509937536,74.95219133968347,0.02,0.9,holdout
11,39.009625635905245,52.974439193475085,0.7595419837988147,45.473233711232155,91.36854060193073,75.5476524486008,0.02,0.9,holdout
12,90.90044327908532,130.3666217916025,1.1749825401428298,38.469957370890725,90.80068143100512,75.15094122962635,0.02,0.9,holdout
13,151.33845294814327,228.54027105422148,1.5033247760890522,46.583168722455085,91.14139693356049,75.61314713355802,0.02,0.9,holdout
14,116.17787915183895,170.4702291607554,1.3916933128841056,41.196096414334676,91.36854060193073,75.768563312295,0.02,0.9,holdout
15,112.5809525085721,164.6761014930503,1.2647286089114491,31.632982776905106,93.07211811470755,76.89982152852185,0.02,0.9,holdout
16,159.4037172126244,242.2099227042298,1.5805277151740196,29.570768162706955,91.14139693356049,75.25281181763584,0.02,0.9,holdout
17,119.80478360819369,176.34108624069472,1.457001103145261,34.13139680394945,91.87961385576378,76.76931636470174,0.02,0.9,holdout
18,-51.14375973447382,-60.325725379805206,-0.7414412125875751,70.53347272836574,92.10675752413403,74.95900229381066,0.02,0.9,holdout
19,-15.309089572333544,-19.30185065131872,0.10999354421835754,52.57658506054421,91.42532651902329,75.32284689121498,0.02,0.9,holdout
20,325.36016701843124,547.8824427990445,1.9317239628779777,29.302076168256143,91.19818285065304,76.17336929385262,0.02,0.9,holdout
21,672.0803445428405,1298.4573033846614,2.9908091498775424,26.691952280331176,91.36854060193073,76.4842674726784,0.02,0.9,holdout
22,144.01352690597147,216.2352990504505,1.4928083640669463,43.096469834127745,92.61783077796707,76.88120474648738,0.02,0.9,holdout
23,15.83271419890584,20.88791571754527,0.5110738002159108,61.6863617374483,91.48211243611584,75.53197161255358,0.02,0.9,holdout
24,24.119114374859187,32.16351094487195,0.5892359777419544,60.53235687475116,92.22032935831915,75.88868244584648,0.02,0.9,holdout
25,139.68082636412703,209.00706661090473,1.4628958395741383,54.566856876787654,90.74389551391255,75.13006695179584,0.02,0.9,holdout
26,265.80590615404714,433.2755487635599,2.1097880743622803,31.309307065548982,90.85746734809767,75.07712937152921,0.02,0.9,holdout
27,21.360794905630677,28.38510168821815,0.5656528927103978,65.21099346606643,91.53889835320841,75.38606702371702,0.02,0.9,holdout
28,213.7940192651004,337.5095133952151,1.9003635562394658,38.25362809873804,90.4031800113572,75.13425748250818,0.02,0.9,holdout
29,63.58490305382129,88.74032771226932,0.9736099875898804,44.3854874304002,91.08461101646792,75.36050303126525,0.02,0.9,holdout
