ticker,tf,rsi,vol,pattern
AFLT,H4,41.15,2.25,Hammer
SGZH,H4,33.69,1.83,Hammer
SZZ5,H4,35.45,1.96,Hammer
OGKB,H4,50.05,1.55,Hammer
AFLT,H4,42.18,2.32,Hammer
SGZH,H4,36.33,2.03,Hammer
SZZ5,H4,36.68,2.19,Hammer
BSZ5,H4,38.99,1.65,Hammer
OGKB,H4,48.97,1.7,Hammer
AFLT,H4,42.05,2.39,Hammer
SGZH,H4,38.76,2.16,Hammer
SZZ5,H4,37.87,2.24,Hammer
BSZ5,H4,40.66,1.82,Hammer
MGNT,H4,41.18,1.78,Hammer
OGKB,H4,50.05,1.75,Hammer
AFLT,H4,43.67,2.56,Hammer
SGZH,H4,38.76,2.26,Hammer
SCH6,H4,55.03,1.79,Hammer
SZZ5,H4,37.28,2.27,Hammer
BSZ5,H4,40.66,1.82,Hammer
MGNT,H4,43.16,1.93,Hammer
AFKS,H4,44.22,1.54,Hammer
IRAO,H4,54.14,2.14,Hammer
AFLT,H4,46.02,2.78,Hammer
MTLR,H4,50.29,1.53,Hammer
SZZ5,H4,38.44,2.34,Hammer
BSZ5,H4,40.98,1.87,Hammer
BBZ5,H4,58.24,1.63,Hammer
MGNT,H4,42.28,2.14,Hammer
RUAL,H4,46.96,2.2,Hammer
GAZP,H4,44.89,1.62,Hammer
POSI,H4,47.26,1.68,Hammer
HYDR,H4,56.46,1.58,Hammer
AFKS,H4,43.03,1.66,Hammer
FLOT,H4,47.32,2.11,Hammer
NVTK,H4,49.97,1.59,Hammer
AFLT,H4,45.16,2.94,Hammer
MTLR,H4,49.5,1.66,Hammer
SGZH,H4,37.97,2.58,Hammer
SZZ5,H4,37.28,2.36,Hammer
BSZ5,H4,40.98,1.87,Hammer
MGNT,H4,45.18,2.26,Hammer
RUAL,H4,45.67,2.27,Hammer
VSEH,H4,41.99,3.52,Hammer
AFKS,H4,42.88,1.72,Hammer
FLOT,H4,47.53,2.18,Hammer
IRAO,H4,54.14,2.58,Hammer
NVTK,H4,49.22,1.68,Hammer
AFLT,H4,44.45,2.97,Hammer
MTLR,H4,49.5,1.68,Hammer
SGZH,H4,38.76,2.64,Hammer
DELI,H4,57.08,1.92,Hammer
SZZ5,H4,37.28,2.36,Hammer
BSZ5,H4,41.96,2.08,Hammer
BBZ5,H4,55.69,1.85,Hammer
CNRU,H4,46.18,1.94,Hammer
MGNT,H4,44.51,2.44,Hammer
RUAL,H4,45.06,2.41,Hammer
RTKM,H4,46.17,2.3,Hammer
TRNFP,H4,50.86,1.51,Hammer
UWGN,H4,38.31,1.58,Hammer
SNGS,H4,43.26,2.03,Hammer
ENPG,H4,41.39,1.67,Hammer
SMLT,H4,47.08,1.57,Hammer
GAZP,H4,44.49,1.9,Hammer
POSI,H4,46.24,1.85,Hammer
HYDR,H4,56.27,1.96,Hammer
AFKS,H4,42.05,1.76,Hammer
SVCB,H4,55.36,1.87,Hammer
MAGN,H4,49.06,1.59,Hammer
FLOT,H4,46.71,2.21,Hammer
AFLT,H4,43.25,3.03,Hammer
MTLR,H4,48.35,1.75,Hammer
SGZH,H4,37.17,2.68,Hammer
DELI,H4,57.08,2.28,Hammer
GZZ5,H4,40.99,1.66,Hammer
SCH6,H4,55.04,2.19,Hammer
SZZ5,H4,38.45,2.36,Hammer
BSZ5,H4,41.97,2.08,Hammer
SCH6,H4,55.04,2.19,Hammer
TATNP,H4,48.17,1.64,Hammer
IRAO,H4,50.35,1.68,Hammer
OGKB,H4,47.99,2.08,Hammer
CCH6,H4,46.2,1.91,Hammer
NKZ5,H4,45.18,2.69,Hammer
GKH6,H4,53.53,1.5,Hammer
UGLD,H4,33.28,1.77,Hammer
TATN,H4,43.71,1.55,Hammer
EUTR,H4,60.05,2.06,Hammer
AFKS,H4,43.28,1.94,Hammer
TATNP,H4,47.32,1.79,Hammer
NVTK,H4,48.13,3.21,Hammer
OGKB,H4,48.85,2.14,Hammer
ASTR,H4,48.9,1.9,Hammer
ASZ5,H4,47.09,1.94,Hammer
CCH6,H4,46.2,1.93,Hammer
RBZ5,H4,67.49,1.81,Hammer
CCZ5,H4,47.1,1.52,Hammer
AKZ5,H4,42.33,2.15,Hammer
NKZ5,H4,45.01,2.69,Hammer
GKH6,H4,53.53,1.5,Hammer
RBH6,H4,65.35,2.37,Hammer
RTKM,H4,47.44,2.23,Hammer
SMLT,H4,45.71,2.59,Hammer
GMKN,H4,54.01,2.04,Hammer
AFKS,H4,42.91,1.96,Hammer
TATNP,H4,48.3,1.82,Hammer
IRAO,H4,50.95,1.73,Hammer
OGKB,H4,49.14,2.19,Hammer
ASTR,H4,48.8,1.91,Hammer
SSZ5,H4,47.07,2.44,Hammer
CCH6,H4,45.29,1.93,Hammer
RBZ5,H4,67.71,1.82,Hammer
CCZ5,H4,46.22,1.54,Hammer
NKZ5,H4,46.39,2.7,Hammer
GKH6,H4,53.53,1.5,Hammer
RBH6,H4,66.2,2.48,Hammer
UGLD,H4,33.28,1.91,Hammer
SMLT,H4,46.38,2.62,Hammer
HYDR,H4,54.02,3.62,Hammer
GMKN,H4,53.55,2.1,Hammer
TATNP,H4,48.42,1.85,Hammer
IRAO,H4,50.2,1.77,Hammer
OGKB,H4,49.96,2.23,Hammer
AFLT,H4,42.96,2.7,Hammer
SSZ5,H4,47.62,2.51,Hammer
CCH6,H4,46.93,1.99,Hammer
SSH6,H4,45.46,2.29,Hammer
RBZ5,H4,68.55,1.83,Hammer
CCZ5,H4,47.0,1.64,Hammer
NKZ5,H4,47.68,2.72,Hammer
HYZ5,H4,52.6,3.27,Hammer
GKH6,H4,53.53,1.5,Hammer
RBH6,H4,67.07,2.48,Hammer
VSEH,D1,30.14,1.66,Hammer
SMLT,H4,45.71,2.67,Hammer
HYDR,H4,56.08,3.62,Hammer
LEAS,H4,61.62,2.13,Hammer
TATNP,H4,48.92,1.96,Hammer
IRAO,H4,53.7,2.04,Hammer
AFLT,H4,42.81,2.73,Hammer
MVID,H4,52.57,1.68,Hammer
SSZ5,H4,47.07,2.54,Hammer
CCH6,H4,46.62,1.99,Hammer
SSH6,H4,45.46,2.33,Hammer
RBZ5,H4,68.55,1.84,Hammer
S0Z5,H4,42.53,2.51,Hammer
CCZ5,H4,46.71,1.68,Hammer
NKZ5,H4,47.7,2.78,Hammer
HYZ5,H4,53.11,3.3,Hammer
RBH6,H4,67.07,2.51,Hammer
EUTR,H4,58.91,2.34,Hammer
SMLT,H4,45.71,2.7,Hammer
HYDR,H4,56.51,3.72,Hammer
LEAS,H4,62.56,2.31,Hammer
IRAO,H4,53.42,2.06,Hammer
AFLT,H4,42.24,2.74,Hammer
MVID,H4,50.73,1.7,Hammer
SSZ5,H4,47.06,2.57,Hammer
SSH6,H4,45.44,2.38,Hammer
RBZ5,H4,67.71,1.84,Hammer
S0Z5,H4,42.55,2.53,Hammer
CNYRUBF,H4,57.32,1.66,Hammer
HYZ5,H4,53.94,3.32,Hammer
CRZ5,H4,56.31,2.4,Hammer
RBH6,H4,66.2,2.52,Hammer
